WEL92831423A_04-APG_ITIS_H166_2_119_2,lead_glue,rectangle,184,59,223,84
WEL93006413A_01-APG_ITIS_H09_1_157_3,lead_glue,rectangle,189,57,225,93
WEL93006413A_01-APG_ITIS_H09_1_191_1,lead_glue,rectangle,175,67,218,101
WEL93006413A_01-APG_ITIS_H09_1_291_4,lead_glue,rectangle,170,56,218,95
WEL93006413A_01-APG_ITIS_H09_1_317_2,lead_glue,rectangle,177,76,212,100
WEL93006413A_01-APG_ITIS_H09_1_334_3,lead_glue,rectangle,197,70,234,105
WEL93006413A_01-APG_ITIS_H09_1_339_4,lead_glue,rectangle,176,63,206,93
WEL93006413A_01-APG_ITIS_H09_1_355_2,lead_glue,rectangle,175,67,208,101
WEL93006413A_01-APG_ITIS_H09_1_365_2,lead_glue,rectangle,175,68,216,101
WEL93006413A_01-APG_ITIS_H09_1_39_1,lead_glue,rectangle,173,53,215,85
WEL93006413A_01-APG_ITIS_H09_2_354_3,lead_glue,rectangle,178,67,219,100
WEL93006413A_01-APG_ITIS_H09_2_356_2,lead_glue,rectangle,49,53,77,78
WEL93006413A_01-APG_ITIS_H09_2_362_4,lead_glue,rectangle,175,68,215,94
WEL93006413A_01-APG_ITIS_H09_2_367_4,lead_glue,rectangle,172,53,211,88
WEL93006413A_01-APG_ITIS_H09_2_368_4,lead_glue,rectangle,172,72,212,101
WEL93007514A_12-APG_ITIS_H13_2_9_4,lead_glue,rectangle,182,65,211,88
WEL93009413A_03-APG_ITIS_H09_1_296_1,lead_glue,rectangle,196,77,221,101
WEL93026115A_03-APG_ITIS_H09_2_346_4,lead_glue,rectangle,42,70,77,105
WEL930290D6A_12-APG_ITIS_H13_2_196_3,lead_glue,rectangle,37,56,72,92
WEL93032545A_55-APG_ITIS_H52_1_185_4,lead_glue,rectangle,200,63,242,128
WEL930421F7A_25-APG_ITIS_H13_2_240_2,lead_glue,rectangle,53,62,78,90
WEL930421F7A_29-APG_ITIS_H09_2_144_2,lead_glue,rectangle,40,60,72,88
WEL930421F7A_29-APG_ITIS_H09_2_94_4,lead_glue,rectangle,39,60,75,90
WEL93043923A_11-APG_ITIS_H13_2_313_4,lead_glue,rectangle,188,54,210,79
WEL93111165A_09-APG_ITIS_H166_1_150_3,lead_glue,rectangle,122,46,211,95
WEL93230455A_42-APG_ITIS_H13_1_168_1,lead_glue,rectangle,42,60,83,94
WEL93325319A_25-APG_ITIS_H09_2_149_4,lead_glue,rectangle,36,57,84,90
WEL93328514A_10-APG_ITIS_H09_2_213_3,lead_glue,rectangle,30,45,75,93
WEL934032H6A_04-APG_ITIS_H52_2_379_1,lead_glue,rectangle,98,182,138,227
WEL93404755A_10-APG_ITIS_H09_2_366_3,lead_glue,rectangle,36,59,82,95
WEL93424368A_06-APG_ITIS_H53_1_62_4,lead_glue,rectangle,35,62,85,86
WEL93425015A_04-APG_ITIS_H09_2_352_4,lead_glue,rectangle,203,83,232,107
WEL934259D5A_14-APG_ITIS_H09_2_60_2,lead_glue,rectangle,32,76,64,99
WEL93427095A_06-APG_ITIS_H166_2_18_3,lead_glue,rectangle,111,187,155,229
WEL934281D5A_05-APG_ITIS_H54_2_16_2,lead_glue,rectangle,81,164,156,202
WEL934437N2A_44-APG_ITIS_H53_2_96_4,lead_glue,rectangle,164,80,200,110
WEL93502145A_16-APG_ITIS_H166_2_154_2,lead_glue,rectangle,170,79,209,108
WEL935142D5A_28-APG_ITIS_H49_1_324_4,lead_glue,rectangle,172,62,205,88
WEL935142D5A_28-APG_ITIS_H49_2_353_4,lead_glue,rectangle,176,82,199,109
WEL935228H5A_25-APG_ITIS_H166_1_284_3,lead_glue,rectangle,50,99,119,198
WEL93528711A_32-APG_ITIS_H13_2_30_4,lead_glue,rectangle,178,78,212,109
WEL93534916A_06-APG_ITIS_H166_2_106_4,lead_glue,rectangle,178,68,212,100
WEL93625615A_13-APG_ITIS_H53_2_315_1,lead_glue,rectangle,170,57,207,85
WEL93636365A_15-APG_ITIS_H166_2_181_4,lead_glue,rectangle,107,178,149,207
WEL936419D7A_20-APG_ITIS_H53_2_196_3,lead_glue,rectangle,29,46,66,98
WEL93725055A_02-APG_ITIS_H09_2_347_4,lead_glue,rectangle,111,196,151,247
WEL93725755A_07-APG_ITIS_H53_2_302_3,lead_glue,rectangle,174,51,211,85
WEP93006511A_08-APG_ITIS_H09_2_23_2,lead_glue,rectangle,197,35,241,88
WEP93007711A_02-APG_ITIS_H09_1_127_4,lead_glue,rectangle,179,53,220,82
WEP93007711A_02-APG_ITIS_H09_1_128_4,lead_glue,rectangle,186,56,224,84
WEP93007711A_02-APG_ITIS_H09_1_51_4,lead_glue,rectangle,201,57,232,90
WEP93007711A_03-APG_ITIS_H13_1_5_1,lead_glue,rectangle,182,65,218,95
WEP93007711A_03-APG_ITIS_H13_2_36_3,lead_glue,rectangle,187,53,224,85
WEP93007711A_03-APG_ITIS_H13_2_7_2,lead_glue,rectangle,189,48,228,82
WEP93007711A_07-APG_ITIS_H13_1_164_3,lead_glue,rectangle,178,30,210,85
WEP93007711A_07-APG_ITIS_H13_1_207_1,lead_glue,rectangle,178,56,218,85
WEP93007711A_07-APG_ITIS_H13_1_220_4,lead_glue,rectangle,172,45,212,83
WEP93007711A_07-APG_ITIS_H13_1_309_2,lead_glue,rectangle,195,47,230,80
WEP93007711A_07-APG_ITIS_H13_1_325_1,lead_glue,rectangle,191,54,227,82
WEP93007711A_07-APG_ITIS_H13_1_330_1,lead_glue,rectangle,191,31,224,81
WEP93007711A_07-APG_ITIS_H13_2_226_3,lead_glue,rectangle,183,59,214,89
WEP93007711A_07-APG_ITIS_H13_2_231_2,lead_glue,rectangle,180,50,215,79
WEP93007711A_07-APG_ITIS_H13_2_83_1,lead_glue,rectangle,183,53,221,89
WEP93007711A_08-APG_ITIS_H09_1_54_3,lead_glue,rectangle,185,70,222,98
WEP93007711A_08-APG_ITIS_H09_2_39_4,lead_glue,rectangle,188,59,230,93
WEP93007711A_13-APG_ITIS_H09_1_248_2,lead_glue,rectangle,180,57,208,85
WEP93007711A_13-APG_ITIS_H09_2_174_2,lead_glue,rectangle,181,62,218,89
WEP93007711A_13-APG_ITIS_H09_2_17_3,lead_glue,rectangle,189,64,217,96
WEP93007711A_13-APG_ITIS_H09_2_234_4,lead_glue,rectangle,185,67,217,102
WEP93007711A_13-APG_ITIS_H09_2_309_3,lead_glue,rectangle,183,60,216,92
WEP93007711A_14-APG_ITIS_H09_2_10_3,lead_glue,rectangle,200,47,237,81
WEP93007711A_17-APG_ITIS_H09_1_112_3,lead_glue,rectangle,184,65,218,90
WEP93007711A_17-APG_ITIS_H09_1_305_2,lead_glue,rectangle,196,60,221,89
WEP93007711A_17-APG_ITIS_H09_1_321_1,lead_glue,rectangle,42,44,81,77
WEP93007711A_17-APG_ITIS_H09_1_39_4,lead_glue,rectangle,179,59,202,85
WEP93007711A_17-APG_ITIS_H09_1_81_2,lead_glue,rectangle,198,60,223,85
WEP93007711A_17-APG_ITIS_H09_2_113_2,lead_glue,rectangle,46,34,70,53
WEP93007711A_17-APG_ITIS_H09_2_167_3,lead_glue,rectangle,187,49,224,85
WEP93007711A_19-APG_ITIS_H09_1_193_3,lead_glue,rectangle,176,61,207,89
WEP93007711A_19-APG_ITIS_H09_1_225_3,lead_glue,rectangle,48,61,82,89
WEP93007711A_19-APG_ITIS_H09_1_25_1,lead_glue,rectangle,191,68,224,99
WEP93007711A_19-APG_ITIS_H09_1_310_3,lead_glue,rectangle,44,28,77,55
WEP93007711A_19-APG_ITIS_H09_2_303_4,lead_glue,rectangle,185,49,225,81
WEP93007711A_20-APG_ITIS_H13_1_17_1,lead_glue,rectangle,176,39,213,69
WEP93007711A_20-APG_ITIS_H13_1_190_3,lead_glue,rectangle,39,25,81,77
WEP93007711A_20-APG_ITIS_H13_1_241_2,lead_glue,rectangle,46,54,81,81
WEP93007711A_20-APG_ITIS_H13_1_253_4,lead_glue,rectangle,179,46,215,74
WEP93007711A_22-APG_ITIS_H09_1_117_3,lead_glue,rectangle,186,57,222,91
WEP93007711A_22-APG_ITIS_H13_1_210_4,lead_glue,rectangle,180,42,217,74
WEP93007711A_22-APG_ITIS_H13_1_21_1,lead_glue,rectangle,185,54,217,87
WEP93007711A_22-APG_ITIS_H13_1_92_1,lead_glue,rectangle,191,56,221,83
WEP93007711A_22-APG_ITIS_H13_2_23_1,lead_glue,rectangle,66,40,92,71
WEP93007711A_22-APG_ITIS_H13_2_308_4,lead_glue,rectangle,187,61,208,89
WEP93007711A_22-APG_ITIS_H13_2_364_2,lead_glue,rectangle,187,45,220,77
WEP93007711A_22-APG_ITIS_H13_2_71_2,lead_glue,rectangle,197,43,233,74
WEP93007711A_23-APG_ITIS_H09_1_300_4,lead_glue,rectangle,180,68,202,94
WEP93007711A_23-APG_ITIS_H09_2_128_4,lead_glue,rectangle,180,55,210,84
WEP93007711A_23-APG_ITIS_H09_2_330_3,lead_glue,rectangle,187,62,218,92
WEP93007711A_24-APG_ITIS_H09_1_249_1,lead_glue,rectangle,176,47,214,79
WEP93007711A_26-APG_ITIS_H13_1_146_2,lead_glue,rectangle,185,45,216,74
WEP93007711A_26-APG_ITIS_H13_1_183_2,lead_glue,rectangle,200,45,232,77
WEP93007711A_26-APG_ITIS_H13_1_57_1,lead_glue,rectangle,181,50,207,80
WEP93007711A_26-APG_ITIS_H13_2_183_4,lead_glue,rectangle,180,45,211,76
WEP93007711A_26-APG_ITIS_H13_2_226_1,lead_glue,rectangle,213,54,246,78
WEP93007711A_26-APG_ITIS_H13_2_267_3,lead_glue,rectangle,199,21,227,59
WEP93007711A_26-APG_ITIS_H13_2_368_1,lead_glue,rectangle,204,21,238,57
WEP93007711A_26-APG_ITIS_H13_2_371_4,lead_glue,rectangle,44,53,66,82
WEP93008311A_01-APG_ITIS_H44_2_248_3,lead_glue,rectangle,176,72,210,103
WEP93008311A_02-APG_ITIS_H44_1_286_1,lead_glue,rectangle,176,63,215,95
WEP93008311A_03-APG_ITIS_H44_1_26_4,lead_glue,rectangle,177,62,204,95
WEP93008311A_03-APG_ITIS_H44_2_185_1,lead_glue,rectangle,178,64,209,96
WEP93008311A_06-APG_ITIS_H44_1_9_1,lead_glue,rectangle,182,65,207,100
WEP93008311A_07-APG_ITIS_H44_1_212_1,lead_glue,rectangle,179,51,206,82
WEP93008311A_07-APG_ITIS_H44_2_155_3,lead_glue,rectangle,174,52,202,82
WEP93009411A_01-APG_ITIS_H44_1_159_3,lead_glue,rectangle,39,42,73,68
WEP93042494A_01-APG_ITIS_H111_2_316_4,lead_glue,rectangle,43,48,71,78
WEP93042494A_02-APG_ITIS_H51_1_58_1,lead_glue,rectangle,51,57,79,84
WEP93042494A_06-APG_ITIS_H53_2_18_3,lead_glue,rectangle,41,68,75,98
WEP93042494A_07-APG_ITIS_H53_2_357_2,lead_glue,rectangle,48,64,75,87
WEP93042494A_09-APG_ITIS_H53_1_126_3,lead_glue,rectangle,43,60,78,95
WEP930445J4A_34-APG_ITIS_H20_2_131_3,lead_glue,rectangle,41,56,78,89
WEP930445J4A_36-APG_ITIS_H44_1_284_1,lead_glue,rectangle,41,74,69,97
WEP930445J4A_37-APG_ITIS_H20_2_120_4,lead_glue,rectangle,33,59,71,85
WEP930445J4A_37-APG_ITIS_H20_2_79_2,lead_glue,rectangle,187,73,211,99
WEP930445J4A_38-APG_ITIS_H45_2_114_3,lead_glue,rectangle,31,38,67,90
WEP93106914A_04-APG_ITIS_H115_1_354_4,lead_glue,rectangle,51,32,80,70
WEP93106914A_05-APG_ITIS_H115_2_217_4,lead_glue,rectangle,42,59,76,92
WEP93106914A_07-APG_ITIS_H115_2_105_1,lead_glue,rectangle,179,51,205,76
WEP93106914A_09-APG_ITIS_H115_1_371_2,lead_glue,rectangle,201,50,231,74
WEP93106914A_09-APG_ITIS_H115_2_181_4,lead_glue,rectangle,185,45,213,70
WEP93106914A_09-APG_ITIS_H115_2_35_2,lead_glue,rectangle,53,48,81,74
WEP93106914A_09-APG_ITIS_H115_2_41_2,lead_glue,rectangle,183,64,207,87
WEP93106914A_10-APG_ITIS_H115_2_111_2,lead_glue,rectangle,40,51,73,78
WEP93106914A_10-APG_ITIS_H115_2_121_1,lead_glue,rectangle,193,45,225,70
WEP93106914A_12-APG_ITIS_H115_1_49_2,lead_glue,rectangle,36,18,65,53
WEP93106914A_13-APG_ITIS_H115_2_28_3,lead_glue,rectangle,112,174,134,200
WEP93116353A_16-APG_ITIS_H111_2_242_1,lead_glue,rectangle,116,181,153,220
WEP93119154A_01-APG_ITIS_H112_2_147_1,lead_glue,rectangle,36,57,67,82
WEP93119154A_01-APG_ITIS_H112_2_300_1,lead_glue,rectangle,39,67,73,97
WEP93119154A_01-APG_ITIS_H112_2_307_1,lead_glue,rectangle,51,55,80,82
WEP93123511A_01-APG_ITIS_H44_2_150_2,lead_glue,rectangle,178,71,210,101
WEP93123511A_02-APG_ITIS_H20_1_4_1,lead_glue,rectangle,204,38,236,85
WEP93123511A_02-APG_ITIS_H20_2_166_2,lead_glue,rectangle,208,65,245,96
WEP93123511A_05-APG_ITIS_H20_2_233_1,lead_glue,rectangle,104,172,145,226
WEP93123511A_07-APG_ITIS_H20_1_269_1,lead_glue,rectangle,104,179,151,232
WEP93123511A_08-APG_ITIS_H20_2_355_3,lead_glue,rectangle,97,178,142,234
WEP93123511A_15-APG_ITIS_H20_2_299_2,lead_glue,rectangle,37,58,68,87
WEP93123511A_15-APG_ITIS_H20_2_336_2,lead_glue,rectangle,184,72,208,89
WEP93123711A_03-APG_ITIS_H44_1_180_4,lead_glue,rectangle,183,64,211,91
WEP93123711A_05-APG_ITIS_H44_1_38_2,lead_glue,rectangle,52,57,82,80
WEP93123711A_05-APG_ITIS_H44_2_57_1,lead_glue,rectangle,51,48,85,79
WEP93123711A_07-APG_ITIS_H44_2_237_4,lead_glue,rectangle,171,68,191,91
WEP93123711A_08-APG_ITIS_H44_2_12_3,lead_glue,rectangle,112,183,149,215
WEP93123711A_08-APG_ITIS_H44_2_174_4,lead_glue,rectangle,180,69,205,96
WEP93123711A_08-APG_ITIS_H44_2_25_4,lead_glue,rectangle,34,58,60,75
WEP93123711A_08-APG_ITIS_H44_2_75_4,lead_glue,rectangle,104,177,139,224
WEP93123711A_09-APG_ITIS_H44_1_311_2,lead_glue,rectangle,187,58,214,83
WEP93123711A_10-APG_ITIS_H44_2_160_4,lead_glue,rectangle,170,71,200,93
WEP93123711A_10-APG_ITIS_H44_2_205_2,lead_glue,rectangle,171,51,207,84
WEP93123711A_10-APG_ITIS_H44_2_89_1,lead_glue,rectangle,183,61,217,95
WEP93123711A_14-APG_ITIS_H44_2_242_3,lead_glue,rectangle,29,66,54,91
WEP93123711A_14-APG_ITIS_H44_2_33_4,lead_glue,rectangle,181,77,211,102
WEP93123912A_02-APG_ITIS_H09_1_121_2,lead_glue,rectangle,180,37,200,62
WEP93123912A_02-APG_ITIS_H09_1_244_3,lead_glue,rectangle,54,42,73,66
WEP93124011A_01-APG_ITIS_H44_2_120_4,lead_glue,rectangle,168,53,197,73
WEP93124011A_03-APG_ITIS_H45_1_227_1,lead_glue,rectangle,181,54,207,78
WEP93124011A_03-APG_ITIS_H45_1_271_4,lead_glue,rectangle,177,54,207,86
WEP93124011A_06-APG_ITIS_H44_1_18_3,lead_glue,rectangle,37,22,70,59
WEP93124011A_06-APG_ITIS_H44_2_175_3,lead_glue,rectangle,171,47,204,74
WEP93124011A_06-APG_ITIS_H44_2_205_4,lead_glue,rectangle,176,65,206,95
WEP93136094A_15-APG_ITIS_H111_1_194_4,lead_glue,rectangle,60,54,93,84
WEP93136094A_15-APG_ITIS_H111_2_349_3,lead_glue,rectangle,40,68,89,104
WEP93136094A_17-APG_ITIS_H111_1_16_4,lead_glue,rectangle,33,34,77,91
WEP93136094A_17-APG_ITIS_H111_1_47_4,lead_glue,rectangle,38,72,73,106
WEP93136094A_23-APG_ITIS_H112_2_107_1,lead_glue,rectangle,208,62,243,90
WEP93136094A_27-APG_ITIS_H111_1_8_2,lead_glue,rectangle,38,32,74,80
WEP93136094A_28-APG_ITIS_H111_1_354_4,lead_glue,rectangle,52,43,90,76
WEP93136094A_28-APG_ITIS_H111_2_138_3,lead_glue,rectangle,50,35,88,74
WEP93136094A_30-APG_ITIS_H53_2_9_1,lead_glue,rectangle,175,76,209,105
WEP93136094A_32-APG_ITIS_H53_1_131_4,lead_glue,rectangle,198,73,232,110
WEP93136094A_32-APG_ITIS_H53_2_96_3,lead_glue,rectangle,170,41,207,95
WEP93136094A_36-APG_ITIS_H53_1_202_3,lead_glue,rectangle,199,62,230,98
WEP93136094A_36-APG_ITIS_H53_2_141_4,lead_glue,rectangle,176,65,206,91
WEP93136094A_39-APG_ITIS_H111_2_200_2,lead_glue,rectangle,46,28,86,56
WEP93136094A_40-APG_ITIS_H53_2_213_4,lead_glue,rectangle,180,61,214,94
WEP93136094A_41-APG_ITIS_H53_1_372_2,lead_glue,rectangle,207,68,240,102
WEP93136094A_45-APG_ITIS_H52_2_181_3,lead_glue,rectangle,177,40,207,60
WEP93136094A_46-APG_ITIS_H53_1_157_3,lead_glue,rectangle,178,75,207,103
WEP93136094A_48-APG_ITIS_H111_2_289_2,lead_glue,rectangle,211,72,237,102
WEP93136094A_53-APG_ITIS_H53_1_55_3,lead_glue,rectangle,211,56,239,87
WEP93136710A_01-APG_ITIS_H166_2_358_3,lead_glue,rectangle,112,162,146,198
WEP93137153A_06-APG_ITIS_H51_2_10_2,lead_glue,rectangle,38,27,76,77
WEP93143414A_01-APG_ITIS_H73_1_118_3,lead_glue,rectangle,44,69,76,100
WEP93143414A_03-APG_ITIS_H57_2_347_3,lead_glue,rectangle,59,67,81,88
WEP93205914A_02-APG_ITIS_H53_2_49_1,lead_glue,rectangle,40,59,61,89
WEP93205914A_03-APG_ITIS_H53_1_193_3,lead_glue,rectangle,35,43,74,95
WEP93205914A_03-APG_ITIS_H53_1_451_3,lead_glue,rectangle,44,68,79,103
WEP93205914A_03-APG_ITIS_H53_1_471_3,lead_glue,rectangle,33,62,72,95
WEP93205914A_03-APG_ITIS_H53_2_1115_1,lead_glue,rectangle,171,64,204,96
WEP93205914A_04-APG_ITIS_H53_2_522_4,lead_glue,rectangle,178,54,210,89
WEP93207413A_08-APG_ITIS_H49_1_131_2,lead_glue,rectangle,165,68,197,100
WEP93208593A_36-APG_ITIS_H52_1_237_1,lead_glue,rectangle,178,59,214,96
WEP93208593A_41-APG_ITIS_H53_1_174_2,lead_glue,rectangle,181,52,214,90
WEP93215032A_06-APG_ITIS_H13_2_327_2,lead_glue,rectangle,44,39,79,90
WEP932307A3A_31-APG_ITIS_H112_2_329_1,lead_glue,rectangle,41,32,83,82
WEP933017D4A_01-APG_ITIS_H52_2_226_3,lead_glue,rectangle,33,50,77,107
WEP933023H4A_23-APG_ITIS_H54_2_24_3,lead_glue,rectangle,37,56,78,95
WEP93303651A_49-APG_ITIS_H43_2_309_3,lead_glue,rectangle,172,55,210,114
WEP93305753A_10-APG_ITIS_H53_1_9_4,lead_glue,rectangle,97,88,231,238
WEP933196D2A_03-APG_ITIS_H53_2_396_4,lead_glue,rectangle,39,42,77,100
WEP933196D4A_01-APG_ITIS_H53_1_169_1,lead_glue,rectangle,41,62,73,93
WEP933196D4A_02-APG_ITIS_H53_1_153_2,lead_glue,rectangle,180,37,218,89
WEP933196D4A_02-APG_ITIS_H53_1_952_1,lead_glue,rectangle,36,57,76,90
WEP933196D4A_03-APG_ITIS_H53_2_217_2,lead_glue,rectangle,182,56,213,87
WEP933220H2A_49-APG_ITIS_H52_2_120_1,lead_glue,rectangle,32,44,68,85
WEP93326052A_51-APG_ITIS_H112_2_102_2,lead_glue,rectangle,113,181,148,230
WEP933263D4A_21-APG_ITIS_H112_2_372_4,lead_glue,rectangle,37,74,77,103
WEP933331H3A_01-APG_ITIS_H53_1_52_4,lead_glue,rectangle,178,63,212,96
WEP93337713A_21-APG_ITIS_H52_1_308_1,lead_glue,rectangle,204,40,230,96
WEP93341354A_08-APG_ITIS_H50_1_117_1,lead_glue,rectangle,35,44,79,84
WEP93341354A_08-APG_ITIS_H50_1_77_1,lead_glue,rectangle,35,40,81,84
WEP93341354A_10-APG_ITIS_H50_2_172_1,lead_glue,rectangle,33,52,77,88
WEP93341354A_13-APG_ITIS_H50_1_158_1,lead_glue,rectangle,33,50,82,88
WEP93341354A_13-APG_ITIS_H50_1_8_1,lead_glue,rectangle,178,61,207,93
WEP93341355A_04-APG_ITIS_H13_2_155_3,lead_glue,rectangle,42,60,66,88
WEP93400651A_11-APG_ITIS_H54_1_519_4,lead_glue,rectangle,180,77,212,107
WEP934031D4A_43-APG_ITIS_H52_1_116_1,lead_glue,rectangle,48,69,72,97
WEP934031D4A_43-APG_ITIS_H52_1_165_4,lead_glue,rectangle,41,68,66,96
WEP934031D4A_44-APG_ITIS_H54_1_163_1,lead_glue,rectangle,42,71,72,100
WEP934031D4A_45-APG_ITIS_H53_2_153_1,lead_glue,rectangle,40,67,73,97
WEP934031D4A_46-APG_ITIS_H54_1_193_4,lead_glue,rectangle,36,72,76,104
WEP934031D4A_46-APG_ITIS_H54_2_105_1,lead_glue,rectangle,43,53,85,96
WEP934031D4A_50-APG_ITIS_H53_1_195_3,lead_glue,rectangle,41,68,64,102
WEP934031D4A_50-APG_ITIS_H53_1_235_4,lead_glue,rectangle,41,62,66,94
WEP934031D4A_51-APG_ITIS_H54_1_51_1,lead_glue,rectangle,45,64,75,93
WEP934031D4A_51-APG_ITIS_H54_2_344_4,lead_glue,rectangle,32,70,57,100
WEP934031D4A_52-APG_ITIS_H53_1_7_4,lead_glue,rectangle,35,66,66,98
WEP934031D4A_53-APG_ITIS_H53_2_73_1,lead_glue,rectangle,35,64,66,96
WEP934031D4A_54-APG_ITIS_H53_1_118_4,lead_glue,rectangle,180,57,213,81
WEP934031D4A_54-APG_ITIS_H53_2_176_1,lead_glue,rectangle,50,60,72,91
WEP934031D4A_57-APG_ITIS_H54_1_155_2,lead_glue,rectangle,178,64,202,91
WEP934031D4A_57-APG_ITIS_H54_1_222_1,lead_glue,rectangle,49,62,79,94
WEP934031D6A_07-APG_ITIS_H52_2_9_4,lead_glue,rectangle,168,69,207,103
WEP93412253A_36-APG_ITIS_H52_1_104_2,lead_glue,rectangle,171,56,203,90
WEP93412253A_37-APG_ITIS_H52_1_359_1,lead_glue,rectangle,118,173,147,197
WEP93420512A_33-APG_ITIS_H13_2_245_1,lead_glue,rectangle,128,201,146,231
WEP934255D4A_17-APG_ITIS_H112_2_31_3,lead_glue,rectangle,189,61,213,88
WEP934255D4A_21-APG_ITIS_H112_1_104_4,lead_glue,rectangle,180,54,209,81
WEP93425994A_47-APG_ITIS_H56_1_8_1,lead_glue,rectangle,42,47,77,85
WEP93428411A_52-APG_ITIS_H54_1_83_4,lead_glue,rectangle,110,161,152,215
WEP93428944A_30-APG_ITIS_H52_2_240_2,lead_glue,rectangle,179,46,220,78
WEP93430353A_07-APG_ITIS_H53_1_984_1,lead_glue,rectangle,114,170,142,201
WEP93430353A_07-APG_ITIS_H53_2_1165_1,lead_glue,rectangle,173,79,210,105
WEP93430353A_07-APG_ITIS_H53_2_830_1,lead_glue,rectangle,178,52,216,85
WEP93444113A_01-APG_ITIS_H53_2_113_4,lead_glue,rectangle,173,69,199,95
WEP93502712A_11-APG_ITIS_H53_1_28_4,lead_glue,rectangle,33,27,65,63
WEP93502712A_11-APG_ITIS_H53_1_374_3,lead_glue,rectangle,183,62,217,88
WEP93502714A_08-APG_ITIS_H53_1_116_2,lead_glue,rectangle,63,78,87,104
WEP93502714A_10-APG_ITIS_H53_1_298_1,lead_glue,rectangle,36,66,66,91
WEP93502714A_10-APG_ITIS_H53_1_400_2,lead_glue,rectangle,31,80,63,100
WEP93502714A_10-APG_ITIS_H53_1_835_4,lead_glue,rectangle,37,64,65,88
WEP93502714A_10-APG_ITIS_H53_2_209_2,lead_glue,rectangle,30,76,61,106
WEP93502714A_10-APG_ITIS_H53_2_249_2,lead_glue,rectangle,34,66,70,94
WEP93502714A_11-APG_ITIS_H53_1_172_4,lead_glue,rectangle,42,68,72,93
WEP93502715A_01-APG_ITIS_H52_1_10_4,lead_glue,rectangle,175,59,204,88
WEP93502715A_01-APG_ITIS_H52_1_367_1,lead_glue,rectangle,24,62,51,89
WEP93502715A_01-APG_ITIS_H52_2_771_4,lead_glue,rectangle,48,74,79,100
WEP93502715A_02-APG_ITIS_H53_1_1102_1,lead_glue,rectangle,122,179,140,195
WEP93502715A_02-APG_ITIS_H53_1_358_2,lead_glue,rectangle,32,85,52,108
WEP93502715A_02-APG_ITIS_H53_1_713_4,lead_glue,rectangle,36,76,60,103
WEP93502715A_02-APG_ITIS_H53_2_1227_4,lead_glue,rectangle,33,74,65,102
WEP93502715A_02-APG_ITIS_H53_2_916_4,lead_glue,rectangle,27,81,56,111
WEP93504111A_41-APG_ITIS_H75_2_314_4,lead_glue,rectangle,137,175,167,207
WEP93509753A_01-APG_ITIS_H52_1_42_1,lead_glue,rectangle,188,82,210,105
WEP93509753A_11-APG_ITIS_H54_1_110_1,lead_glue,rectangle,205,60,237,87
WEP93509754A_01-APG_ITIS_H54_2_109_1,lead_glue,rectangle,189,38,221,75
WEP93509754A_11-APG_ITIS_H54_2_245_1,lead_glue,rectangle,34,53,62,92
WEP93509754A_12-APG_ITIS_H53_1_355_2,lead_glue,rectangle,45,78,73,106
WEP93509754A_12-APG_ITIS_H53_2_176_3,lead_glue,rectangle,40,64,72,100
WEP93509754A_13-APG_ITIS_H54_1_300_4,lead_glue,rectangle,43,49,82,79
WEP93509754A_14-APG_ITIS_H53_1_189_3,lead_glue,rectangle,31,74,58,95
WEP93509754A_15-APG_ITIS_H53_1_217_3,lead_glue,rectangle,200,74,223,93
WEP93509754A_15-APG_ITIS_H53_2_345_3,lead_glue,rectangle,36,69,63,99
WEP93518593A_16-APG_ITIS_H54_1_109_3,lead_glue,rectangle,180,59,196,79
WEP93518593A_16-APG_ITIS_H54_1_146_1,lead_glue,rectangle,174,59,197,83
WEP93518593A_16-APG_ITIS_H54_2_198_2,lead_glue,rectangle,191,78,211,103
WEP93518593A_16-APG_ITIS_H54_2_256_1,lead_glue,rectangle,184,62,214,92
WEP93518593A_17-APG_ITIS_H53_1_135_3,lead_glue,rectangle,180,61,205,85
WEP93518593A_17-APG_ITIS_H53_1_261_3,lead_glue,rectangle,189,72,208,107
WEP93518593A_18-APG_ITIS_H54_1_296_1,lead_glue,rectangle,188,60,209,87
WEP93518593A_20-APG_ITIS_H54_2_303_1,lead_glue,rectangle,178,62,194,93
WEP93518593A_21-APG_ITIS_H54_1_80_1,lead_glue,rectangle,178,49,213,82
WEP93518593A_22-APG_ITIS_H54_2_66_2,lead_glue,rectangle,174,42,212,84
WEP93518593A_24-APG_ITIS_H54_1_57_1,lead_glue,rectangle,172,55,209,85
WEP93518593A_24-APG_ITIS_H54_2_99_1,lead_glue,rectangle,182,73,210,96
WEP93518593A_25-APG_ITIS_H54_2_375_1,lead_glue,rectangle,183,81,217,112
WEP93518593A_26-APG_ITIS_H54_1_259_2,lead_glue,rectangle,194,66,218,88
WEP93518593A_26-APG_ITIS_H54_1_342_1,lead_glue,rectangle,187,66,213,96
WEP93518593A_26-APG_ITIS_H54_2_102_1,lead_glue,rectangle,176,69,213,98
WEP93518593A_26-APG_ITIS_H54_2_62_1,lead_glue,rectangle,37,73,67,98
WEP93518593A_27-APG_ITIS_H54_2_250_1,lead_glue,rectangle,180,61,217,90
WEP93518593A_53-APG_ITIS_H54_1_139_1,lead_glue,rectangle,169,52,200,85
WEP935188J4A_01-APG_ITIS_H54_2_147_4,lead_glue,rectangle,38,70,73,100
WEP935188J4A_03-APG_ITIS_H53_1_161_2,lead_glue,rectangle,35,69,54,95
WEP935188J4A_08-APG_ITIS_H54_1_268_3,lead_glue,rectangle,36,69,69,101
WEP935188J4A_08-APG_ITIS_H54_2_321_1,lead_glue,rectangle,37,61,75,99
WEP935188J4A_31-APG_ITIS_H52_1_284_4,lead_glue,rectangle,32,74,69,105
WEP935188J4A_39-APG_ITIS_H54_2_222_3,lead_glue,rectangle,33,61,71,93
WEP93519292A_01-APG_ITIS_H20_1_11_4,lead_glue,rectangle,31,78,62,106
WEP93519513A_05-APG_ITIS_H111_2_88_1,lead_glue,rectangle,198,57,228,87
WEP93519513A_06-APG_ITIS_H53_1_844_4,lead_glue,rectangle,196,61,222,83
WEP935286H3A_29-APG_ITIS_H112_2_23_1,lead_glue,rectangle,200,68,224,83
WEP935286H3A_29-APG_ITIS_H112_2_66_4,lead_glue,rectangle,178,66,219,102
WEP935286H3A_30-APG_ITIS_H112_1_110_1,lead_glue,rectangle,199,49,230,85
WEP935286H3A_30-APG_ITIS_H112_1_127_2,lead_glue,rectangle,207,35,234,63
WEP935286H3A_30-APG_ITIS_H112_2_274_3,lead_glue,rectangle,192,72,230,102
WEP935286H3A_32-APG_ITIS_H112_1_73_2,lead_glue,rectangle,202,56,238,88
WEP935286H3A_33-APG_ITIS_H112_1_114_1,lead_glue,rectangle,192,63,216,87
WEP935286H3A_34-APG_ITIS_H112_1_326_2,lead_glue,rectangle,197,74,222,98
WEP935286H3A_34-APG_ITIS_H112_2_147_4,lead_glue,rectangle,181,64,211,96
WEP935286H3A_34-APG_ITIS_H112_2_169_3,lead_glue,rectangle,178,68,206,94
WEP935286H3A_34-APG_ITIS_H112_2_17_1,lead_glue,rectangle,205,68,240,94
WEP935286H3A_35-APG_ITIS_H112_1_231_1,lead_glue,rectangle,196,56,225,84
WEP935286H5A_23-APG_ITIS_H54_2_115_4,lead_glue,rectangle,179,74,208,103
WEP935286H5A_24-APG_ITIS_H53_1_336_4,lead_glue,rectangle,173,73,200,103
WEP935286H5A_24-APG_ITIS_H54_1_82_1,lead_glue,rectangle,185,58,212,91
WEP935286H5A_24-APG_ITIS_H54_2_218_2,lead_glue,rectangle,171,65,192,91
WEP935286H5A_24-APG_ITIS_H54_2_305_3,lead_glue,rectangle,175,66,206,93
WEP935286H5A_24-APG_ITIS_H54_2_43_2,lead_glue,rectangle,175,65,214,96
WEP935286H5A_25-APG_ITIS_H52_1_168_1,lead_glue,rectangle,178,84,213,107
WEP935286H5A_25-APG_ITIS_H54_1_16_2,lead_glue,rectangle,181,67,215,95
WEP935286H5A_29-APG_ITIS_H54_2_253_1,lead_glue,rectangle,176,66,202,90
WEP935286H5A_29-APG_ITIS_H54_2_308_1,lead_glue,rectangle,174,63,214,93
WEP935286H5A_29-APG_ITIS_H54_2_358_1,lead_glue,rectangle,181,84,203,108
WEP935286H5A_29-APG_ITIS_H54_2_359_1,lead_glue,rectangle,182,62,216,95
WEP93529993A_17-APG_ITIS_H112_1_752_4,lead_glue,rectangle,109,156,145,217
WEP935326D3A_13-APG_ITIS_H09_1_76_3,lead_glue,rectangle,176,79,197,96
WEP935326D3A_13-APG_ITIS_H09_1_92_4,lead_glue,rectangle,171,76,206,102
WEP935326D3A_13-APG_ITIS_H116_1_28_4,lead_glue,rectangle,175,62,203,92
WEP935326D3A_13-APG_ITIS_H116_2_103_3,lead_glue,rectangle,184,59,214,86
WEP935326D3A_13-APG_ITIS_H116_2_243_1,lead_glue,rectangle,188,57,211,79
WEP935326D3A_15-APG_ITIS_H09_1_60_1,lead_glue,rectangle,178,70,202,102
WEP935326D3A_15-APG_ITIS_H09_1_68_1,lead_glue,rectangle,176,64,200,90
WEP935326D3A_18-APG_ITIS_H09_1_141_4,lead_glue,rectangle,174,68,203,88
WEP935326D3A_18-APG_ITIS_H116_1_136_2,lead_glue,rectangle,187,55,211,88
WEP935326D3A_18-APG_ITIS_H116_1_159_1,lead_glue,rectangle,182,67,211,95
WEP935326D3A_18-APG_ITIS_H116_1_215_1,lead_glue,rectangle,181,55,210,83
WEP935326D3A_19-APG_ITIS_H09_2_294_4,lead_glue,rectangle,174,71,210,102
WEP935326D3A_20-APG_ITIS_H09_2_132_4,lead_glue,rectangle,177,64,213,100
WEP935326D3A_21-APG_ITIS_H09_2_67_4,lead_glue,rectangle,181,59,207,88
WEP935326D3A_22-APG_ITIS_H09_1_156_3,lead_glue,rectangle,176,54,205,84
WEP935326D3A_22-APG_ITIS_H09_1_171_3,lead_glue,rectangle,176,70,211,102
WEP935326D3A_22-APG_ITIS_H09_1_89_2,lead_glue,rectangle,174,78,211,113
WEP935326D3A_22-APG_ITIS_H09_2_98_4,lead_glue,rectangle,185,57,211,86
WEP935326D3A_23-APG_ITIS_H09_1_61_4,lead_glue,rectangle,168,70,199,101
WEP935326D3A_23-APG_ITIS_H09_1_67_1,lead_glue,rectangle,174,80,195,100
WEP935326D3A_23-APG_ITIS_H09_2_274_1,lead_glue,rectangle,178,66,217,96
WEP935326D3A_23-APG_ITIS_H09_2_280_4,lead_glue,rectangle,167,71,204,100
WEP935326D3A_23-APG_ITIS_H09_2_48_1,lead_glue,rectangle,180,56,214,83
WEP935326D3A_25-APG_ITIS_H09_2_147_4,lead_glue,rectangle,178,77,216,105
WEP935326D3A_26-APG_ITIS_H09_1_245_2,lead_glue,rectangle,186,76,207,103
WEP935326D3A_26-APG_ITIS_H09_1_262_4,lead_glue,rectangle,166,69,201,98
WEP935326D3A_26-APG_ITIS_H09_2_131_4,lead_glue,rectangle,178,69,207,98
WEP935326D3A_26-APG_ITIS_H09_2_204_1,lead_glue,rectangle,181,74,219,107
WEP935326D3A_52-APG_ITIS_H09_1_179_3,lead_glue,rectangle,169,66,210,98
WEP935326D3A_52-APG_ITIS_H09_1_214_4,lead_glue,rectangle,166,62,204,95
WEP935326D3A_52-APG_ITIS_H09_1_50_4,lead_glue,rectangle,184,74,211,103
WEP935326D3A_52-APG_ITIS_H09_1_73_3,lead_glue,rectangle,168,69,206,109
WEP935326D3A_52-APG_ITIS_H09_1_88_2,lead_glue,rectangle,168,68,209,102
WEP935326D3A_52-APG_ITIS_H09_2_161_1,lead_glue,rectangle,176,73,206,97
WEP935326D3A_52-APG_ITIS_H116_1_214_3,lead_glue,rectangle,178,54,212,86
WEP935326D3A_52-APG_ITIS_H116_1_4_3,lead_glue,rectangle,176,62,212,96
WEP935326D3A_52-APG_ITIS_H116_2_60_2,lead_glue,rectangle,175,51,210,85
WEP935326D3A_54-APG_ITIS_H09_1_19_4,lead_glue,rectangle,164,56,202,90
WEP935326D3A_54-APG_ITIS_H09_1_42_2,lead_glue,rectangle,170,45,207,80
WEP935326D3A_54-APG_ITIS_H116_1_11_2,lead_glue,rectangle,176,72,207,100
WEP935326D3A_55-APG_ITIS_H09_1_183_2,lead_glue,rectangle,176,73,209,104
WEP935326D3A_55-APG_ITIS_H09_2_279_2,lead_glue,rectangle,183,69,218,102
WEP935326D3A_55-APG_ITIS_H115_2_11_3,lead_glue,rectangle,36,28,234,218
WEP935326D3A_55-APG_ITIS_H115_2_132_2,lead_glue,rectangle,183,45,220,90
WEP935326D3A_56-APG_ITIS_H09_1_50_3,lead_glue,rectangle,166,71,195,105
WEP935326D3A_57-APG_ITIS_H09_1_188_4,lead_glue,rectangle,169,76,202,108
WEP935326D3A_57-APG_ITIS_H09_1_55_1,lead_glue,rectangle,179,41,221,82
WEP935326D3A_57-APG_ITIS_H09_2_140_4,lead_glue,rectangle,172,56,210,85
WEP935326D3A_57-APG_ITIS_H09_2_64_2,lead_glue,rectangle,180,65,213,93
WEP935326D3A_58-APG_ITIS_H09_1_198_3,lead_glue,rectangle,170,59,213,91
WEP935326D3A_58-APG_ITIS_H09_1_287_4,lead_glue,rectangle,170,59,215,97
WEP935326D3A_58-APG_ITIS_H09_1_3_2,lead_glue,rectangle,171,64,209,100
WEP935326D3A_58-APG_ITIS_H09_2_85_3,lead_glue,rectangle,169,64,204,100
WEP935326D3A_58-APG_ITIS_H115_2_19_1,lead_glue,rectangle,179,52,217,86
WEP935326D3A_59-APG_ITIS_H09_1_104_2,lead_glue,rectangle,171,65,204,96
WEP935326D3A_59-APG_ITIS_H09_1_144_1,lead_glue,rectangle,172,61,211,107
WEP935326D3A_59-APG_ITIS_H09_1_211_1,lead_glue,rectangle,167,55,206,101
WEP935326D3A_59-APG_ITIS_H09_1_22_1,lead_glue,rectangle,170,54,211,93
WEP935326D3A_59-APG_ITIS_H09_1_40_4,lead_glue,rectangle,163,52,210,94
WEP935326D3A_59-APG_ITIS_H09_2_204_3,lead_glue,rectangle,173,78,207,106
WEP935326D3A_59-APG_ITIS_H09_2_300_4,lead_glue,rectangle,176,59,217,86
WEP935326D3A_59-APG_ITIS_H115_2_195_4,lead_glue,rectangle,45,47,80,83
WEP935326D3A_60-APG_ITIS_H115_2_36_3,lead_glue,rectangle,193,66,214,93
WEP935326D3A_61-APG_ITIS_H09_1_249_2,lead_glue,rectangle,174,74,196,100
WEP935326D3A_61-APG_ITIS_H09_2_50_2,lead_glue,rectangle,184,57,210,89
WEP935326D3A_61-APG_ITIS_H09_2_7_2,lead_glue,rectangle,175,66,202,95
WEP935326D3A_61-APG_ITIS_H115_1_5_3,lead_glue,rectangle,27,76,66,100
WEP93536512A_02-APG_ITIS_H116_1_738_3,lead_glue,rectangle,37,53,72,93
WEP93536512A_02-APG_ITIS_H116_2_804_3,lead_glue,rectangle,29,54,77,91
WEP93536512A_03-APG_ITIS_H51_2_929_1,lead_glue,rectangle,175,71,202,101
WEP93536514A_02-APG_ITIS_H49_1_714_1,lead_glue,rectangle,35,71,67,103
WEP93536514A_02-APG_ITIS_H49_2_859_1,lead_glue,rectangle,26,59,64,96
WEP93536514A_03-APG_ITIS_H116_1_422_1,lead_glue,rectangle,32,42,78,76
WEP93536514A_03-APG_ITIS_H116_1_439_1,lead_glue,rectangle,34,38,88,79
WEP93536514A_03-APG_ITIS_H116_1_816_4,lead_glue,rectangle,33,33,83,73
WEP93536514A_03-APG_ITIS_H116_1_996_1,lead_glue,rectangle,183,45,225,98
WEP93536514A_14-APG_ITIS_H115_1_452_4,lead_glue,rectangle,41,33,76,80
WEP93536515B_19-APG_ITIS_H13_2_69_4,lead_glue,rectangle,30,49,72,83
WEP93538412A_31-APG_ITIS_H54_2_244_3,lead_glue,rectangle,175,52,209,82
WEP93539013A_01-APG_ITIS_H111_1_75_3,lead_glue,rectangle,171,36,211,85
WEP93539013A_01-APG_ITIS_H111_2_92_3,lead_glue,rectangle,182,51,225,92
WEP93539013A_07-APG_ITIS_H54_1_205_1,lead_glue,rectangle,204,45,245,83
WEP93539013A_07-APG_ITIS_H54_1_244_1,lead_glue,rectangle,189,63,221,117
WEP93539013A_07-APG_ITIS_H54_2_143_2,lead_glue,rectangle,34,45,81,88
WEP93539013A_08-APG_ITIS_H54_1_181_1,lead_glue,rectangle,175,55,216,95
WEP93539013A_08-APG_ITIS_H54_2_156_2,lead_glue,rectangle,37,57,78,90
WEP93539013A_08-APG_ITIS_H54_2_166_3,lead_glue,rectangle,171,46,214,93
WEP93539013A_08-APG_ITIS_H54_2_324_4,lead_glue,rectangle,170,44,218,87
WEP93539013A_09-APG_ITIS_H53_1_315_3,lead_glue,rectangle,188,44,233,86
WEP93539013A_09-APG_ITIS_H53_1_7_4,lead_glue,rectangle,168,49,211,90
WEP93539013A_09-APG_ITIS_H53_2_261_2,lead_glue,rectangle,130,210,167,230
WEP93539013A_11-APG_ITIS_H111_1_77_3,lead_glue,rectangle,179,53,225,85
WEP93539013A_11-APG_ITIS_H111_2_351_4,lead_glue,rectangle,210,46,243,85
WEP93539013A_11-APG_ITIS_H111_2_39_2,lead_glue,rectangle,191,44,237,89
WEP93539013A_31-APG_ITIS_H111_1_150_2,lead_glue,rectangle,54,34,79,54
WEP93539013A_39-APG_ITIS_H111_2_151_1,lead_glue,rectangle,180,59,225,99
WEP93539013A_40-APG_ITIS_H111_2_332_3,lead_glue,rectangle,181,49,222,87
WEP93539013A_40-APG_ITIS_H111_2_49_4,lead_glue,rectangle,184,65,230,98
WEP93539013A_41-APG_ITIS_H111_1_76_2,lead_glue,rectangle,179,55,220,91
WEP93539013A_42-APG_ITIS_H111_2_189_1,lead_glue,rectangle,184,46,229,86
WEP93539013A_43-APG_ITIS_H111_1_189_1,lead_glue,rectangle,184,53,212,83
WEP93539013A_44-APG_ITIS_H111_1_159_2,lead_glue,rectangle,192,48,224,85
WEP93539013A_44-APG_ITIS_H111_1_185_1,lead_glue,rectangle,185,56,231,96
WEP93539013A_44-APG_ITIS_H111_2_150_3,lead_glue,rectangle,110,153,150,219
WEP93539013A_45-APG_ITIS_H111_1_142_3,lead_glue,rectangle,189,58,219,100
WEP93539013A_46-APG_ITIS_H112_1_88_4,lead_glue,rectangle,195,49,235,85
WEP93539013A_49-APG_ITIS_H112_1_285_4,lead_glue,rectangle,105,156,131,199
WEP93539013A_49-APG_ITIS_H112_2_23_2,lead_glue,rectangle,189,58,218,89
WEP93539013A_49-APG_ITIS_H112_2_285_2,lead_glue,rectangle,211,59,243,93
WEP93539013A_50-APG_ITIS_H111_1_143_1,lead_glue,rectangle,180,59,220,93
WEP93539013A_50-APG_ITIS_H111_2_208_3,lead_glue,rectangle,43,38,84,65
WEP93539013A_51-APG_ITIS_H111_2_95_1,lead_glue,rectangle,188,57,219,84
WEP93539015A_10-APG_ITIS_H52_1_150_3,lead_glue,rectangle,183,62,207,91
WEP93608414A_33-APG_ITIS_H73_1_145_4,lead_glue,rectangle,39,64,76,95
WEP93608414A_33-APG_ITIS_H73_2_180_4,lead_glue,rectangle,30,57,54,85
WEP93608415A_01-APG_ITIS_H57_2_310_4,lead_glue,rectangle,48,58,82,92
WEP93609211B_03-APG_ITIS_H73_1_479_3,lead_glue,rectangle,35,148,192,171
WEP93610152A_58-APG_ITIS_H112_1_186_2,lead_glue,rectangle,212,71,236,114
WEP93610193A_16-APG_ITIS_H50_1_67_4,lead_glue,rectangle,184,57,211,84
WEP93610193A_26-APG_ITIS_H50_1_281_1,lead_glue,rectangle,183,55,211,83
WEP93612013A_15-APG_ITIS_H56_1_148_3,lead_glue,rectangle,52,88,85,110
WEP93615354A_01-APG_ITIS_H53_1_305_3,lead_glue,rectangle,50,28,94,68
WEP93615354A_01-APG_ITIS_H53_2_149_1,lead_glue,rectangle,43,36,75,85
WEP93615514A_17-APG_ITIS_H53_1_751_3,lead_glue,rectangle,200,62,219,88
WEP93616694A_44-APG_ITIS_H73_2_108_3,lead_glue,rectangle,31,63,72,96
WEP93616954A_17-APG_ITIS_H46_2_228_4,lead_glue,rectangle,29,66,72,104
WEP93616954A_17-APG_ITIS_H46_2_29_4,lead_glue,rectangle,40,77,68,103
WEP93616954A_17-APG_ITIS_H46_2_36_4,lead_glue,rectangle,32,71,62,104
WEP93616954A_18-APG_ITIS_H46_2_286_3,lead_glue,rectangle,36,78,65,113
WEP936216M4A_51-APG_ITIS_H112_1_294_2,lead_glue,rectangle,100,188,145,229
WEP93622193A_09-APG_ITIS_H74_1_189_2,lead_glue,rectangle,193,52,216,80
WEP936237B2A_11-APG_ITIS_H52_1_314_4,lead_glue,rectangle,111,181,133,216
WEP93624561A_67-APG_ITIS_H54_2_181_2,lead_glue,rectangle,110,166,143,201
WEP93624561A_67-APG_ITIS_H54_2_80_2,lead_glue,rectangle,171,49,198,92
WEP93625654A_11-APG_ITIS_H51_1_282_1,lead_glue,rectangle,39,56,76,93
WEP93625654A_11-APG_ITIS_H51_2_274_1,lead_glue,rectangle,132,175,153,202
WEP936256H4A_34-APG_ITIS_H115_2_13_4,lead_glue,rectangle,45,63,75,99
WEP93625754A_14-APG_ITIS_H166_1_146_4,lead_glue,rectangle,34,57,63,91
WEP936330M3A_44-APG_ITIS_H73_1_168_4,lead_glue,rectangle,180,60,213,90
WEP936330M3A_45-APG_ITIS_H73_2_336_3,lead_glue,rectangle,175,69,199,100
WEP936330M3A_47-APG_ITIS_H57_1_361_1,lead_glue,rectangle,205,49,231,85
WEP93634694A_48-APG_ITIS_H56_1_235_3,lead_glue,rectangle,44,62,72,98
WEP93634694A_48-APG_ITIS_H56_2_94_3,lead_glue,rectangle,36,56,82,93
WEP93634694A_49-APG_ITIS_H56_1_133_4,lead_glue,rectangle,33,74,58,102
WEP93634694A_49-APG_ITIS_H56_2_140_2,lead_glue,rectangle,36,41,60,81
WEP93634694A_51-APG_ITIS_H73_1_356_4,lead_glue,rectangle,33,47,70,101
WEP93634694A_51-APG_ITIS_H73_2_335_2,lead_glue,rectangle,39,43,76,73
WEP93635794A_50-APG_ITIS_H54_2_377_2,lead_glue,rectangle,36,59,77,94
WEP93636192A_09-APG_ITIS_H46_1_190_4,lead_glue,rectangle,188,53,215,86
WEP936361D2A_50-APG_ITIS_H54_1_97_3,lead_glue,rectangle,111,169,140,204
WEP93636342A_14-APG_ITIS_H13_1_183_1,lead_glue,rectangle,109,164,148,204
WEP936363D2A_35-APG_ITIS_H35_1_57_4,lead_glue,rectangle,109,159,137,192
WEP936363D2A_36-APG_ITIS_H54_1_300_2,lead_glue,rectangle,107,160,144,200
WEP936363D2A_38-APG_ITIS_H54_1_37_2,lead_glue,rectangle,104,158,138,197
WEP936363D2A_39-APG_ITIS_H54_2_188_2,lead_glue,rectangle,113,169,140,214
WEP936363D2A_39-APG_ITIS_H54_2_215_2,lead_glue,rectangle,138,164,160,211
WEP936363D2A_53-APG_ITIS_H54_2_328_2,lead_glue,rectangle,105,171,129,205
WEP936363D2A_54-APG_ITIS_H54_2_67_2,lead_glue,rectangle,111,172,149,209
WEP936363D2A_55-APG_ITIS_H54_2_123_1,lead_glue,rectangle,125,170,146,205
WEP936363D2A_57-APG_ITIS_H54_1_82_2,lead_glue,rectangle,120,168,157,209
WEP936363D2A_57-APG_ITIS_H54_2_344_4,lead_glue,rectangle,106,171,134,208
WEP936363D3A_37-APG_ITIS_H43_1_156_4,lead_glue,rectangle,180,62,211,86
WEP936363D4A_51-APG_ITIS_H52_2_204_4,lead_glue,rectangle,41,65,65,95
WEP936377H4A_31-APG_ITIS_H112_2_206_3,lead_glue,rectangle,173,53,209,81
WEP936377H4A_31-APG_ITIS_H112_2_42_4,lead_glue,rectangle,172,52,204,84
WEP936401D2A_57-APG_ITIS_H49_2_315_3,lead_glue,rectangle,32,23,76,64
WEP93640411A_36-APG_ITIS_H112_2_158_4,lead_glue,rectangle,182,73,213,107
WEP93640413A_31-APG_ITIS_H112_1_246_4,lead_glue,rectangle,191,58,215,92
WEP93640754A_01-APG_ITIS_H54_2_341_4,lead_glue,rectangle,173,48,216,92
WEP936419D1A_21-APG_ITIS_H45_2_31_4,lead_glue,rectangle,101,176,125,214
WEP93644612A_16-APG_ITIS_H47_2_186_1,lead_glue,rectangle,106,182,142,214
WEP936446D2A_38-APG_ITIS_H53_1_319_1,lead_glue,rectangle,112,164,144,196
WEP936446D2A_38-APG_ITIS_H53_2_217_4,lead_glue,rectangle,117,161,147,197
WEP936446D2A_38-APG_ITIS_H53_2_62_4,lead_glue,rectangle,114,175,140,216
WEP93644813A_01-APG_ITIS_H74_2_240_2,lead_glue,rectangle,174,56,210,97
WEP93700163A_51-APG_ITIS_H13_2_179_1,lead_glue,rectangle,185,59,211,90
WEP93700393A_11-APG_ITIS_H54_2_12_3,lead_glue,rectangle,180,48,214,85
WEP937025M2A_01-APG_ITIS_H54_1_7_1,lead_glue,rectangle,39,38,83,81
WEP937025M2A_01-APG_ITIS_H54_2_172_1,lead_glue,rectangle,42,59,77,94
WEP937025M2A_05-APG_ITIS_H52_2_374_1,lead_glue,rectangle,40,59,83,98
WEP937025M2A_06-APG_ITIS_H52_2_145_2,lead_glue,rectangle,39,76,98,102
WEP937106M1A_02-APG_ITIS_H53_2_1116_3,lead_glue,rectangle,48,40,74,75
WEP93710993A_05-APG_ITIS_H54_2_335_4,lead_glue,rectangle,175,71,203,96
WEP93710993A_06-APG_ITIS_H54_1_477_3,lead_glue,rectangle,183,56,208,88
WEP93710993A_06-APG_ITIS_H54_2_290_1,lead_glue,rectangle,107,158,128,195
WEP93723154A_42-APG_ITIS_H111_2_243_3,lead_glue,rectangle,186,49,220,99
WEP93723414A_01-APG_ITIS_H53_1_78_1,lead_glue,rectangle,109,171,138,203
WEP937251M4A_06-APG_ITIS_H54_1_102_2,lead_glue,rectangle,177,65,215,101
WEP937251R4A_07-APG_ITIS_H73_1_111_4,lead_glue,rectangle,41,59,67,98
WEP937297R1A_17-APG_ITIS_H54_1_121_2,lead_glue,rectangle,104,161,134,190
WEP937297R1A_26-APG_ITIS_H54_1_78_4,lead_glue,rectangle,119,162,142,197
WEP93729812A_45-APG_ITIS_H111_1_355_3,lead_glue,rectangle,127,181,162,209
WEP93730052A_51-APG_ITIS_H54_1_42_4,lead_glue,rectangle,105,164,141,203
WEP93731352A_02-APG_ITIS_H54_2_127_4,lead_glue,rectangle,99,170,127,207
WEP93734011A_05-APG_ITIS_H53_2_187_4,lead_glue,rectangle,174,71,198,100
WEP93734011A_05-APG_ITIS_H53_2_594_3,lead_glue,rectangle,171,51,212,85
WEP93734011A_05-APG_ITIS_H53_2_720_4,lead_glue,rectangle,169,73,198,99
WEP93734011A_09-APG_ITIS_H53_1_210_4,lead_glue,rectangle,180,74,208,102
WEP93734011A_09-APG_ITIS_H53_1_739_3,lead_glue,rectangle,175,56,194,99
WEP93734011A_11-APG_ITIS_H53_1_293_4,lead_glue,rectangle,176,76,200,104
WEP93734011A_11-APG_ITIS_H53_1_511_1,lead_glue,rectangle,177,47,217,81
WEP93734011A_11-APG_ITIS_H53_1_958_4,lead_glue,rectangle,172,64,211,99
WEP93734011A_12-APG_ITIS_H53_2_1193_1,lead_glue,rectangle,197,45,223,86
WEP93734011A_13-APG_ITIS_H53_1_65_2,lead_glue,rectangle,180,65,216,99
WEP93734011A_13-APG_ITIS_H53_2_160_4,lead_glue,rectangle,171,53,201,87
WEP93734011A_14-APG_ITIS_H54_2_534_4,lead_glue,rectangle,174,55,211,93
WEP93734011A_15-APG_ITIS_H52_1_523_4,lead_glue,rectangle,187,62,224,101
WEP93734011A_15-APG_ITIS_H52_1_534_1,lead_glue,rectangle,177,56,208,85
WEP93734011A_15-APG_ITIS_H52_2_405_3,lead_glue,rectangle,176,59,207,96
WEP93734012A_05-APG_ITIS_H53_1_356_2,lead_glue,rectangle,107,163,143,198
WEP93734012A_06-APG_ITIS_H53_1_462_3,lead_glue,rectangle,106,188,146,237
WEP93734012A_11-APG_ITIS_H53_1_76_4,lead_glue,rectangle,177,61,211,92
WEP93734015A_01-APG_ITIS_H54_2_1122_4,lead_glue,rectangle,197,58,231,89
WEP93734015A_02-APG_ITIS_H52_1_1157_2,lead_glue,rectangle,170,57,205,86
WEP937340D3A_11-APG_ITIS_H46_2_218_3,lead_glue,rectangle,172,78,209,110
WEP937340D4A_15-APG_ITIS_H54_2_427_1,lead_glue,rectangle,101,166,140,193
WEP93734213A_13-APG_ITIS_H47_2_16_3,lead_glue,rectangle,42,50,81,85
WEP93734893A_33-APG_ITIS_H54_2_100_2,lead_glue,rectangle,72,112,96,139
WEP93734893A_34-APG_ITIS_H54_1_206_3,lead_glue,rectangle,186,57,220,91
WEP93738811B_03-APG_ITIS_H53_2_125_3,lead_glue,rectangle,103,163,133,203
WEP93738811B_03-APG_ITIS_H53_2_491_2,lead_glue,rectangle,39,62,75,102
WEP93739491A_06-APG_ITIS_H43_2_1036_4,lead_glue,rectangle,108,170,140,210
WEP93739564A_14-APG_ITIS_H75_1_111_1,lead_glue,rectangle,193,39,230,82
WEP93739693A_10-APG_ITIS_H75_1_251_1,lead_glue,rectangle,42,40,79,80
WEP93739694A_13-APG_ITIS_H75_1_367_1,lead_glue,rectangle,39,51,81,102
WEP93801311A_01-APG_ITIS_H53_1_1083_4,lead_glue,rectangle,182,76,221,105
WEP93802311A_11-APG_ITIS_H112_2_295_1,lead_glue,rectangle,130,165,171,223
WEP938156H1A_02-APG_ITIS_H52_1_201_3,lead_glue,rectangle,180,52,228,99
WEP93818954A_48-APG_ITIS_H46_2_198_3,lead_glue,rectangle,31,44,84,88
WEP93818954A_49-APG_ITIS_H46_1_162_4,lead_glue,rectangle,30,50,72,99
WEP93818954A_49-APG_ITIS_H46_1_185_2,lead_glue,rectangle,38,44,79,91
WEP93818954A_49-APG_ITIS_H46_2_172_1,lead_glue,rectangle,33,54,81,96
WEP93818954A_49-APG_ITIS_H46_2_274_4,lead_glue,rectangle,33,41,79,95
WEP93818954A_50-APG_ITIS_H46_1_150_2,lead_glue,rectangle,42,39,81,95
WEP93818954A_50-APG_ITIS_H46_1_318_4,lead_glue,rectangle,33,42,74,93
WEP93818954A_50-APG_ITIS_H46_1_323_2,lead_glue,rectangle,41,50,83,103
WEP93818954A_51-APG_ITIS_H46_2_116_2,lead_glue,rectangle,41,32,81,91
WEP93818954A_51-APG_ITIS_H46_2_276_4,lead_glue,rectangle,181,52,213,93
WEP93818954A_51-APG_ITIS_H46_2_293_3,lead_glue,rectangle,35,40,81,90
WEP93818956A_05-APG_ITIS_H45_1_95_1,lead_glue,rectangle,51,54,88,101
WEP93818956A_05-APG_ITIS_H45_2_27_1,lead_glue,rectangle,40,54,79,108
WEP93818956A_05-APG_ITIS_H45_2_297_4,lead_glue,rectangle,44,51,85,105
WEP93821414A_17-APG_ITIS_H112_1_110_1,lead_glue,rectangle,42,58,72,88
WEP93821414A_17-APG_ITIS_H112_1_224_2,lead_glue,rectangle,29,51,70,90
WEP93821414A_18-APG_ITIS_H112_1_181_1,lead_glue,rectangle,63,59,92,91
WEP93821414A_18-APG_ITIS_H112_2_138_1,lead_glue,rectangle,54,37,90,94
WEP93821414A_19-APG_ITIS_H112_2_137_3,lead_glue,rectangle,38,40,74,92
WEP93823113A_31-APG_ITIS_H112_2_109_2,lead_glue,rectangle,186,61,218,93
WEP93824954A_21-APG_ITIS_H54_2_245_3,lead_glue,rectangle,36,64,65,91
WEP93826061A_19-APG_ITIS_H56_1_354_4,lead_glue,rectangle,100,167,125,201
WEP93826614A_57-APG_ITIS_H166_1_272_4,lead_glue,rectangle,42,47,77,91
WEP93827051A_15-APG_ITIS_H53_2_148_2,lead_glue,rectangle,175,39,211,85
WEP938297H1A_36-APG_ITIS_H51_1_8_2,lead_glue,rectangle,109,190,146,229
WEP93835212A_51-APG_ITIS_H116_2_79_4,lead_glue,rectangle,165,58,229,99
WEP93843513A_01-APG_ITIS_H50_1_14_4,lead_glue,rectangle,186,52,216,81
WEP938442H4A_25-APG_ITIS_H57_2_122_3,lead_glue,rectangle,35,43,74,93
WEP938442H4A_25-APG_ITIS_H57_2_147_1,lead_glue,rectangle,35,48,79,85
WEP938442H4A_26-APG_ITIS_H56_1_37_4,lead_glue,rectangle,51,43,88,93
WEP938442H4A_26-APG_ITIS_H56_2_219_1,lead_glue,rectangle,35,49,60,79
WEP938442H4A_26-APG_ITIS_H56_2_35_1,lead_glue,rectangle,61,61,83,92
WEP938442H4A_28-APG_ITIS_H56_1_20_3,lead_glue,rectangle,34,57,69,95
WEP938442H4A_28-APG_ITIS_H56_1_78_1,lead_glue,rectangle,49,28,86,82
WEP938442H4A_28-APG_ITIS_H56_2_54_4,lead_glue,rectangle,39,49,80,105
WEP938455H4A_17-APG_ITIS_H111_1_333_3,lead_glue,rectangle,54,81,85,111
WEP938455H4A_24-APG_ITIS_H111_2_122_1,lead_glue,rectangle,44,69,78,102
WEP938455H4A_26-APG_ITIS_H111_1_328_3,lead_glue,rectangle,182,73,215,107
WEP938479D1A_17-APG_ITIS_H54_1_146_1,lead_glue,rectangle,98,168,149,219
WEP938482M4A_10-APG_ITIS_H20_2_207_3,lead_glue,rectangle,36,37,72,88
WEP938505D3A_14-APG_ITIS_H53_2_825_4,lead_glue,rectangle,196,46,228,83
WEP93851253A_02-APG_ITIS_H54_1_191_2,lead_glue,rectangle,120,165,151,210
WEP93852091A_30-APG_ITIS_H52_1_148_2,lead_glue,rectangle,42,62,69,95
WEP93852092A_35-APG_ITIS_H52_1_182_4,lead_glue,rectangle,116,195,150,229
WEP93852092A_36-APG_ITIS_H54_1_202_4,lead_glue,rectangle,121,173,142,203
WEP93852394A_11-APG_ITIS_H75_1_71_4,lead_glue,rectangle,177,67,209,102
WEP93852792A_26-APG_ITIS_H111_2_197_2,lead_glue,rectangle,135,183,171,234
WEP93852792A_44-APG_ITIS_H112_1_155_4,lead_glue,rectangle,142,183,168,220
WEP93855694A_16-APG_ITIS_H75_1_297_4,lead_glue,rectangle,175,54,211,85
WEP93906094A_46-APG_ITIS_H52_2_312_4,lead_glue,rectangle,40,68,76,107
WEP93906094A_47-APG_ITIS_H54_2_187_1,lead_glue,rectangle,37,44,80,91
WEP93906254A_38-APG_ITIS_H44_1_123_2,lead_glue,rectangle,186,61,222,89
WEP93907291A_13-APG_ITIS_H112_2_33_1,lead_glue,rectangle,180,49,219,92
WEP93907314A_14-APG_ITIS_H45_1_233_1,lead_glue,rectangle,34,69,73,105
WEP93911593A_11-APG_ITIS_H47_1_169_2,lead_glue,rectangle,120,164,142,193
WEP93914413A_41-APG_ITIS_H111_1_12_1,lead_glue,rectangle,202,54,230,86
WEP93914414A_46-APG_ITIS_H111_2_101_1,lead_glue,rectangle,49,52,84,86
WEP93921154A_17-APG_ITIS_H53_2_863_1,lead_glue,rectangle,118,180,146,215
WEP93936111A_03-APG_ITIS_H75_2_207_2,lead_glue,rectangle,120,172,163,225
WEP93944551A_39-APG_ITIS_H51_2_82_1,lead_glue,rectangle,108,163,148,205
WEP93947413A_31-APG_ITIS_H52_1_140_4,lead_glue,rectangle,177,55,211,98
