WEA938001D1A_48-APG_ITIS_H51_2_203_1,scratch,rectangle,25,86,229,175
WEL91511312A_02-APG_ITIS_H166_2_374_4,scratch,rectangle,42,96,126,180
WEL91739311A_01-APG_ITIS_H09_1_106_1,scratch,rectangle,98,79,202,174
WEL920109M5A_19-APG_ITIS_H13_2_110_3,scratch,rectangle,45,135,114,199
WEL922400H5A_02-APG_ITIS_H166_1_228_3,scratch,rectangle,26,67,138,164
WEL92635217A_33-APG_ITIS_H52_2_80_1,scratch,rectangle,196,142,227,197
WEL92636296A_02-APG_ITIS_H13_1_204_3,scratch,rectangle,101,105,235,191
WEL92636296A_03-APG_ITIS_H13_2_256_2,scratch,rectangle,127,98,203,170
WEL927101R5A_33-APG_ITIS_H13_1_43_4,scratch,rectangle,81,117,103,181
WEL92808085A_03-APG_ITIS_H13_1_126_3,scratch,rectangle,28,82,90,176
WEL92828049A_11-APG_ITIS_H09_1_223_1,scratch,rectangle,228,134,262,166
WEL92828049A_11-APG_ITIS_H09_1_92_2,scratch,rectangle,182,141,218,187
WEL928388D5A_12-APG_ITIS_H09_1_206_1,scratch,rectangle,33,83,252,202
WEL92839355A_24_2_86_4,scratch,rectangle,26,75,187,169
WEL92843555A_08-APG_ITIS_H13_1_356_4,scratch,rectangle,68,110,230,181
WEL92843555A_10-APG_ITIS_H13_1_187_2,scratch,rectangle,20,104,67,180
WEL92844713A_01_1_294_2,scratch,rectangle,27,96,179,178
WEL92846656A_03-APG_ITIS_H09_2_134_3,scratch,rectangle,22,84,231,177
WEL92905817A_03-APG_ITIS_H09_2_378_3,scratch,rectangle,81,143,248,178
WEL92905817A_04-APG_ITIS_H09_1_29_4,scratch,rectangle,20,84,228,181
WEL92908895A_53-APG_ITIS_H166_1_53_3,scratch,rectangle,43,90,248,187
WEL92908895A_55-APG_ITIS_H09_2_379_3,scratch,rectangle,84,93,218,188
WEL92913553A_02-APG_ITIS_H09_2_251_1,scratch,rectangle,79,97,130,160
WEL92918715A_05-APG_ITIS_H09_1_127_2,scratch,rectangle,162,89,229,180
WEL92918715A_05_1_127_2,scratch,rectangle,175,91,229,179
WEL929189Q7A_06-APG_ITIS_H09_2_56_1,scratch,rectangle,99,100,136,131
WEL92925614A_04_2_88_4,scratch,rectangle,56,124,147,159
WEL929276A5A_13-APG_ITIS_H09_2_159_2,scratch,rectangle,26,81,234,175
WEL92929595A_12-APG_ITIS_H09_2_203_2,scratch,rectangle,63,84,189,171
WEL92939865A_04_2_21_4,scratch,rectangle,162,130,230,171
WEL929400A5A_14-APG_ITIS_H13_1_179_3,scratch,rectangle,51,85,229,179
WEL92940295A_01-APG_ITIS_H53_2_11_2,scratch,rectangle,35,111,171,203
WEL92943315A_05-APG_ITIS_H09_2_59_1,scratch,rectangle,150,118,234,173
WEL92944296A_06-APG_ITIS_H13_1_217_3,scratch,rectangle,25,82,180,193
WEL92944296A_12-APG_ITIS_H09_2_336_2,scratch,rectangle,172,80,236,171
WEL93003715A_03-APG_ITIS_H166_2_278_1,scratch,rectangle,39,88,115,173
WEL930045H6A_16-APG_ITIS_H116_1_104_4,scratch,rectangle,25,102,76,156
WEL93006123A_01-APG_ITIS_H166_1_265_3,scratch,rectangle,45,75,233,124
WEL93006123A_04-APG_ITIS_H13_1_69_2,scratch,rectangle,19,74,233,123
WEL93006123A_10-APG_ITIS_H09_1_23_4,scratch,rectangle,27,86,94,148
WEL93012253A_01-APG_ITIS_H13_1_57_3,scratch,rectangle,32,85,200,181
WEL93013255A_01-APG_ITIS_H09_1_218_4,scratch,rectangle,27,91,141,181
WEL93014356A_09-APG_ITIS_H166_1_161_2,scratch,rectangle,27,80,232,120
WEL93024416A_33-APG_ITIS_H166_2_69_2,scratch,rectangle,50,154,79,192
WEL93024795A_15-APG_ITIS_H166_2_18_1,scratch,rectangle,34,83,236,173
WEL93024795A_15-APG_ITIS_H166_2_18_3,scratch,rectangle,221,134,254,185
WEL93024795A_23-APG_ITIS_H13_2_18_2,scratch,rectangle,172,144,211,173
WEL930249H5A_12-APG_ITIS_H09_1_44_4,scratch,rectangle,20,79,103,171
WEL93025456A_04-APG_ITIS_H13_1_154_1,scratch,rectangle,25,70,238,172
WEL93026014A_16-APG_ITIS_H13_2_244_2,scratch,rectangle,23,78,235,144
WEL93031615A_07-APG_ITIS_H166_1_215_1,scratch,rectangle,26,81,235,124
WEL93032895A_33-APG_ITIS_H13_1_98_3,scratch,rectangle,166,104,238,156
WEL93032896A_03-APG_ITIS_H166_1_39_2,scratch,rectangle,157,107,199,142
WEL93032896A_05-APG_ITIS_H166_1_183_2,scratch,rectangle,172,88,202,130
WEL93038615A_02-APG_ITIS_H09_1_84_3,scratch,rectangle,22,67,99,161
WEL93038615A_02_1_84_3,scratch,rectangle,25,64,100,154
WEL93040211A_07-APG_ITIS_H13_1_71_4,scratch,rectangle,175,154,218,177
WEL930421F7A_29-APG_ITIS_H09_2_183_3,scratch,rectangle,21,79,235,190
WEL930426G5A_05-APG_ITIS_H13_1_45_3,scratch,rectangle,185,166,207,186
WEL93044415A_01-APG_ITIS_H09_2_64_1,scratch,rectangle,182,148,228,168
WEL93044696A_11-APG_ITIS_H09_1_241_1,scratch,rectangle,106,86,182,109
WEL93104255A_03-APG_ITIS_H166_1_350_1,scratch,rectangle,30,82,235,111
WEL93104255A_17-APG_ITIS_H09_1_246_4,scratch,rectangle,24,85,227,190
WEL93104255A_46-APG_ITIS_H166_2_190_3,scratch,rectangle,33,139,169,163
WEL93104796A_14-APG_ITIS_H09_1_209_2,scratch,rectangle,184,101,233,181
WEL93110026A_03-APG_ITIS_H13_1_7_1,scratch,rectangle,176,134,210,174
WEL93110026A_03-APG_ITIS_H13_2_275_2,scratch,rectangle,196,99,242,164
WEL93111165A_19-APG_ITIS_H13_1_77_4,scratch,rectangle,57,83,90,170
WEL931117R5A_01-APG_ITIS_H09_2_495_2,scratch,rectangle,77,93,107,130
WEL93112695A_14-APG_ITIS_H13_2_136_4,scratch,rectangle,16,78,128,170
WEL93114415A_06-APG_ITIS_H09_2_134_4,scratch,rectangle,143,82,185,173
WEL93114415A_11-APG_ITIS_H13_1_233_2,scratch,rectangle,24,100,122,192
WEL931158D5A_01-APG_ITIS_H09_1_202_2,scratch,rectangle,138,90,200,137
WEL93116616A_18-APG_ITIS_H09_1_277_2,scratch,rectangle,36,85,88,176
WEL93120455A_12-APG_ITIS_H13_1_66_2,scratch,rectangle,85,93,109,180
WEL93120896A_03-APG_ITIS_H54_2_278_3,scratch,rectangle,188,147,225,176
WEL931314H6A_24-APG_ITIS_H09_1_192_4,scratch,rectangle,38,83,93,116
WEL93132134A_10-APG_ITIS_H52_1_293_2,scratch,rectangle,150,103,189,125
WEL931356G5A_04-APG_ITIS_H13_1_354_3,scratch,rectangle,116,98,202,122
WEL931383D5A_02-APG_ITIS_H09_2_525_4,scratch,rectangle,25,74,200,108
WEL93143915A_15-APG_ITIS_H54_2_345_2,scratch,rectangle,27,144,233,190
WEL93143915A_25-APG_ITIS_H52_2_280_1,scratch,rectangle,128,102,230,177
WEL93200215A_04-APG_ITIS_H09_1_248_2,scratch,rectangle,17,143,126,184
WEL93200215A_05-APG_ITIS_H166_1_133_2,scratch,rectangle,65,83,198,168
WEL932075D5A_09-APG_ITIS_H09_1_51_1,scratch,rectangle,77,149,212,200
WEL932075D5A_28-APG_ITIS_H166_1_13_3,scratch,rectangle,103,90,231,183
WEL93211415A_03-APG_ITIS_H09_2_155_2,scratch,rectangle,34,154,232,202
WEL93212213A_13-APG_ITIS_H49_2_305_2,scratch,rectangle,87,100,118,122
WEL932170F5A_04-APG_ITIS_H54_2_125_1,scratch,rectangle,192,107,222,142
WEL93218915A_05-APG_ITIS_H13_1_45_3,scratch,rectangle,188,130,234,184
WEL932223M5A_04-APG_ITIS_H09_2_334_1,scratch,rectangle,85,89,236,180
WEL93224695A_04-APG_ITIS_H52_1_343_2,scratch,rectangle,202,102,233,127
WEL93225655A_05-APG_ITIS_H09_2_83_3,scratch,rectangle,24,71,236,170
WEL932260D5A_15-APG_ITIS_H52_1_238_2,scratch,rectangle,186,98,234,165
WEL932268H6A_18-APG_ITIS_H13_1_120_4,scratch,rectangle,34,76,238,186
WEL932268H6A_36-APG_ITIS_H166_2_155_2,scratch,rectangle,53,95,257,188
WEL93230455A_20-APG_ITIS_H09_1_203_2,scratch,rectangle,19,76,235,172
WEL93231824A_01-APG_ITIS_H09_1_151_4,scratch,rectangle,202,86,234,177
WEL93301814A_04-APG_ITIS_H09_1_295_3,scratch,rectangle,62,95,154,192
WEL933023R1A_12-APG_ITIS_H54_1_261_2,scratch,rectangle,74,141,101,176
WEL93307556A_03-APG_ITIS_H13_2_137_3,scratch,rectangle,178,143,260,183
WEL93307615A_13-APG_ITIS_H09_2_274_2,scratch,rectangle,25,122,200,173
WEL933081G6A_10-APG_ITIS_H13_2_59_2,scratch,rectangle,29,70,235,117
WEL93309315A_06-APG_ITIS_H09_1_24_1,scratch,rectangle,154,102,237,193
WEL93310113A_37-APG_ITIS_H09_1_260_1,scratch,rectangle,34,113,242,150
WEL93310113A_37-APG_ITIS_H09_1_311_1,scratch,rectangle,20,88,196,180
WEL93310995A_04-APG_ITIS_H09_1_162_4,scratch,rectangle,101,110,148,198
WEL93316453A_11-APG_ITIS_H09_2_141_2,scratch,rectangle,31,81,99,175
WEL93316453A_17-APG_ITIS_H166_1_115_3,scratch,rectangle,175,79,212,109
WEL93319715A_23-APG_ITIS_H09_1_131_3,scratch,rectangle,20,95,232,141
WEL93320698A_15-APG_ITIS_H115_2_340_2,scratch,rectangle,209,117,239,162
WEL93322755A_21-APG_ITIS_H166_1_70_2,scratch,rectangle,29,99,107,190
WEL93324511A_06-APG_ITIS_H09_1_325_3,scratch,rectangle,191,103,242,180
WEL93330096A_06-APG_ITIS_H09_1_10_2,scratch,rectangle,19,105,230,139
WEL93331026A_02-APG_ITIS_H13_2_85_2,scratch,rectangle,21,83,98,175
WEL933317G5A_11-APG_ITIS_H09_1_324_2,scratch,rectangle,20,88,73,122
WEL933318D5A_21-APG_ITIS_H09_1_46_1,scratch,rectangle,147,86,205,171
WEL93332215A_37-APG_ITIS_H09_1_229_4,scratch,rectangle,38,97,126,181
WEL93332495A_37-APG_ITIS_H13_1_69_1,scratch,rectangle,139,83,207,146
WEL93332495A_39-APG_ITIS_H09_1_220_4,scratch,rectangle,147,98,230,118
WEL93332655A_01-APG_ITIS_H09_1_166_3,scratch,rectangle,30,78,50,169
WEL93332655A_02-APG_ITIS_H13_1_120_3,scratch,rectangle,31,86,237,176
WEL93333165A_40-APG_ITIS_H53_2_201_1,scratch,rectangle,22,93,122,181
WEL93338845A_21-APG_ITIS_H09_2_111_3,scratch,rectangle,27,73,81,168
WEL933404M5A_15-APG_ITIS_H13_1_57_3,scratch,rectangle,26,95,243,184
WEL933404M5A_17-APG_ITIS_H13_1_331_4,scratch,rectangle,142,98,236,130
WEL93341815A_13-APG_ITIS_H52_2_302_2,scratch,rectangle,109,127,153,164
WEL93342816A_15-APG_ITIS_H166_1_112_4,scratch,rectangle,65,99,110,188
WEL93344113A_12-APG_ITIS_H13_2_150_1,scratch,rectangle,107,84,234,172
WEL93344113A_17-APG_ITIS_H09_1_259_1,scratch,rectangle,40,103,250,196
WEL93345415A_14-APG_ITIS_H09_2_37_3,scratch,rectangle,40,86,121,180
WEL93345514A_16-APG_ITIS_H09_2_305_3,scratch,rectangle,44,98,234,188
WEL93345514A_19-APG_ITIS_H09_1_308_2,scratch,rectangle,46,79,256,177
WEL93345514A_22-APG_ITIS_H13_2_308_2,scratch,rectangle,23,76,231,168
WEL93402713A_03-APG_ITIS_H09_2_208_4,scratch,rectangle,28,93,240,185
WEL93402713A_05-APG_ITIS_H166_1_132_4,scratch,rectangle,51,88,254,173
WEL93404755A_06-APG_ITIS_H09_1_77_3,scratch,rectangle,38,103,75,197
WEL93405135A_09-APG_ITIS_H09_2_239_1,scratch,rectangle,32,129,228,246
WEL93405271A_02-APG_ITIS_H53_1_374_3,scratch,rectangle,150,110,209,143
WEL93407514A_02-APG_ITIS_H13_2_31_4,scratch,rectangle,23,86,136,177
WEL93408915A_10-APG_ITIS_H166_1_139_1,scratch,rectangle,51,86,104,180
WEL93411095A_12-APG_ITIS_H09_1_249_3,scratch,rectangle,29,75,62,170
WEL93411095A_12-APG_ITIS_H09_2_205_1,scratch,rectangle,25,96,169,186
WEL93412615A_09-APG_ITIS_H13_2_35_3,scratch,rectangle,139,140,185,175
WEL934130R5A_08-APG_ITIS_H13_1_121_2,scratch,rectangle,20,95,96,164
WEL934130R5A_09-APG_ITIS_H13_2_77_4,scratch,rectangle,18,83,119,173
WEL93413515A_05-APG_ITIS_H13_1_222_1,scratch,rectangle,31,131,208,177
WEL934148H6A_02-APG_ITIS_H13_1_321_4,scratch,rectangle,147,88,178,181
WEL93415396A_06-APG_ITIS_H09_2_369_2,scratch,rectangle,126,79,149,167
WEL93418155A_06-APG_ITIS_H166_2_268_1,scratch,rectangle,36,84,233,148
WEL93419056A_22-APG_ITIS_H09_2_95_2,scratch,rectangle,41,105,89,181
WEL93419056A_24-APG_ITIS_H09_2_195_4,scratch,rectangle,49,79,96,130
WEL934246D6A_15-APG_ITIS_H166_2_348_1,scratch,rectangle,63,90,94,166
WEL93427095A_03-APG_ITIS_H09_1_316_1,scratch,rectangle,25,74,61,103
WEL93427395A_04-APG_ITIS_H13_2_272_4,scratch,rectangle,27,86,183,175
WEL93427855A_05-APG_ITIS_H166_2_219_3,scratch,rectangle,27,117,220,174
WEL934281D5A_02-APG_ITIS_H54_2_201_2,scratch,rectangle,85,153,161,175
WEL93429885A_07-APG_ITIS_H13_1_13_4,scratch,rectangle,18,76,225,168
WEL93429885A_09-APG_ITIS_H09_1_39_1,scratch,rectangle,18,81,230,167
WEL934301B5A_06-APG_ITIS_H54_1_303_1,scratch,rectangle,130,146,189,188
WEL93430655A_03-APG_ITIS_H13_2_22_3,scratch,rectangle,29,107,118,173
WEL93431553A_07-APG_ITIS_H53_1_126_2,scratch,rectangle,15,112,77,139
WEL934340G5A_04-APG_ITIS_H166_1_175_2,scratch,rectangle,29,84,227,169
WEL934340G5A_07-APG_ITIS_H166_2_196_3,scratch,rectangle,33,82,230,167
WEL93434255A_06-APG_ITIS_H54_2_44_3,scratch,rectangle,53,90,85,110
WEL93440515A_01-APG_ITIS_H13_1_218_3,scratch,rectangle,32,136,117,191
WEL93440515A_02-APG_ITIS_H13_2_375_2,scratch,rectangle,40,151,248,178
WEL93441313A_15-APG_ITIS_H54_2_372_2,scratch,rectangle,16,83,223,171
WEL93441313A_35-APG_ITIS_H116_2_14_3,scratch,rectangle,57,94,81,131
WEL93441413A_02-APG_ITIS_H09_2_59_2,scratch,rectangle,93,86,235,171
WEL93444755A_38-APG_ITIS_H13_1_85_1,scratch,rectangle,22,91,232,181
WEL935023L5A_18-APG_ITIS_H13_2_13_3,scratch,rectangle,26,71,242,173
WEL935023L5A_18-APG_ITIS_H13_2_187_1,scratch,rectangle,27,90,238,192
WEL935023L5A_34-APG_ITIS_H13_1_96_4,scratch,rectangle,138,104,241,195
WEL935099D5A_53-APG_ITIS_H166_1_263_1,scratch,rectangle,67,97,110,181
WEL935114D5A_07-APG_ITIS_H09_2_267_3,scratch,rectangle,21,87,235,137
WEL935117H5A_16-APG_ITIS_H13_1_119_1,scratch,rectangle,23,115,190,149
WEL93512345A_04-APG_ITIS_H09_2_92_4,scratch,rectangle,21,153,223,187
WEL93514014A_02-APG_ITIS_H13_1_359_4,scratch,rectangle,28,84,200,119
WEL93514258A_02-APG_ITIS_H09_2_173_2,scratch,rectangle,22,81,188,170
WEL935142H7A_18-APG_ITIS_H51_2_127_3,scratch,rectangle,24,80,123,117
WEL935142M5A_12-APG_ITIS_H49_1_348_3,scratch,rectangle,20,96,228,188
WEL93517157A_02-APG_ITIS_H13_1_112_3,scratch,rectangle,46,96,118,176
WEL93518613A_01-APG_ITIS_H13_1_66_2,scratch,rectangle,42,112,79,197
WEL935187S5A_53-APG_ITIS_H09_1_8_1,scratch,rectangle,20,85,182,178
WEL93521315A_09-APG_ITIS_H166_1_361_1,scratch,rectangle,133,86,227,178
WEL93522085A_26-APG_ITIS_H09_1_103_2,scratch,rectangle,18,86,110,176
WEL93523155A_11-APG_ITIS_H166_1_306_1,scratch,rectangle,29,95,233,181
WEL93523755A_18-APG_ITIS_H09_1_39_4,scratch,rectangle,98,91,235,183
WEL93523814A_02-APG_ITIS_H09_1_321_1,scratch,rectangle,88,101,149,188
WEL93528615A_22-APG_ITIS_H166_1_69_3,scratch,rectangle,32,90,93,178
WEL93528711A_30-APG_ITIS_H166_2_272_1,scratch,rectangle,128,88,195,178
WEL93531213A_03-APG_ITIS_H166_1_266_4,scratch,rectangle,116,84,226,181
WEL93531623A_02-APG_ITIS_H166_2_227_2,scratch,rectangle,42,88,83,181
WEL93532623A_01-APG_ITIS_H09_1_75_2,scratch,rectangle,59,96,236,193
WEL93532955A_12-APG_ITIS_H09_1_366_2,scratch,rectangle,20,98,196,197
WEL93532955A_44-APG_ITIS_H09_2_126_1,scratch,rectangle,67,125,108,193
WEL93536213A_11-APG_ITIS_H166_1_94_4,scratch,rectangle,178,109,234,190
WEL93600313A_02-APG_ITIS_H09_1_91_3,scratch,rectangle,129,113,239,196
WEL93602913A_02-APG_ITIS_H09_1_85_2,scratch,rectangle,38,83,86,141
WEL93605214A_28-APG_ITIS_H09_1_142_3,scratch,rectangle,72,135,103,159
WEL93608715A_19-APG_ITIS_H13_1_98_2,scratch,rectangle,139,83,244,177
WEL93609215A_01-APG_ITIS_H09_1_141_4,scratch,rectangle,16,88,224,177
WEL93609215A_07-APG_ITIS_H09_2_252_2,scratch,rectangle,50,127,92,162
WEL936145M5A_03-APG_ITIS_H13_1_26_2,scratch,rectangle,179,120,232,163
WEL936149B5A_15-APG_ITIS_H09_1_120_4,scratch,rectangle,232,146,260,178
WEL936149B6A_08-APG_ITIS_H09_1_144_3,scratch,rectangle,40,80,252,175
WEL936149B6A_16-APG_ITIS_H09_2_264_1,scratch,rectangle,34,134,237,197
WEL936149B6A_16-APG_ITIS_H166_1_375_1,scratch,rectangle,117,88,256,183
WEL936149B7A_12-APG_ITIS_H13_1_365_2,scratch,rectangle,141,79,199,168
WEL93621615A_05-APG_ITIS_H54_2_158_1,scratch,rectangle,15,83,227,110
WEL936219G6A_02-APG_ITIS_H09_2_158_1,scratch,rectangle,45,91,229,183
WEL936219G6A_12-APG_ITIS_H13_1_131_2,scratch,rectangle,175,121,239,176
WEL936241H5A_10-APG_ITIS_H13_1_29_2,scratch,rectangle,106,127,227,170
WEL936242D6A_11-APG_ITIS_H166_2_323_2,scratch,rectangle,20,115,112,193
WEL93628925A_03-APG_ITIS_H13_1_204_4,scratch,rectangle,184,147,234,179
WEL93634255A_02-APG_ITIS_H13_1_275_3,scratch,rectangle,157,132,189,170
WEL93634445A_09-APG_ITIS_H54_1_272_1,scratch,rectangle,90,93,228,180
WEL93634445A_09-APG_ITIS_H54_1_279_2,scratch,rectangle,115,93,218,175
WEL93634445A_09-APG_ITIS_H54_2_281_3,scratch,rectangle,30,106,184,176
WEL93635095A_03-APG_ITIS_H13_1_241_3,scratch,rectangle,49,83,257,176
WEL93636365A_13-APG_ITIS_H166_1_104_2,scratch,rectangle,39,91,230,171
WEL93637595A_20-APG_ITIS_H166_1_88_4,scratch,rectangle,30,81,234,180
WEL936390D5A_04-APG_ITIS_H13_2_152_1,scratch,rectangle,48,136,186,175
WEL936390D5A_22-APG_ITIS_H09_1_240_3,scratch,rectangle,83,98,233,180
WEL93641595A_12-APG_ITIS_H13_2_370_1,scratch,rectangle,23,87,230,181
WEL93642692A_14-APG_ITIS_H13_1_50_3,scratch,rectangle,27,81,94,178
WEL93644819A_07-APG_ITIS_H13_2_344_4,scratch,rectangle,38,114,129,197
WEL93700245A_04-APG_ITIS_H13_1_78_4,scratch,rectangle,49,134,100,173
WEL93700665A_05-APG_ITIS_H09_1_198_2,scratch,rectangle,23,82,235,190
WEL93710155A_60-APG_ITIS_H13_2_8_4,scratch,rectangle,191,131,238,180
WEL93714955A_05-APG_ITIS_H166_1_22_4,scratch,rectangle,26,139,225,183
WEL93721394A_07-APG_ITIS_H09_1_228_1,scratch,rectangle,42,136,162,204
WEL93721525A_03-APG_ITIS_H13_2_271_2,scratch,rectangle,62,146,99,185
WEL93724215A_05-APG_ITIS_H166_1_141_4,scratch,rectangle,111,90,229,154
WEL93724215A_26-APG_ITIS_H166_1_87_2,scratch,rectangle,216,122,226,192
WEL93725055A_03-APG_ITIS_H09_1_6_3,scratch,rectangle,186,147,236,200
WEL93725055A_06-APG_ITIS_H09_1_47_1,scratch,rectangle,22,95,184,190
WEL93725055A_37-APG_ITIS_H09_1_196_3,scratch,rectangle,24,118,234,159
WEL93726715A_11-APG_ITIS_H54_1_206_2,scratch,rectangle,20,95,225,199
WEL937292R5A_11-APG_ITIS_H166_2_96_2,scratch,rectangle,29,90,233,182
WEL93734395A_02-APG_ITIS_H166_2_373_4,scratch,rectangle,132,93,165,130
WEL93801111A_18-APG_ITIS_H09_1_651_1,scratch,rectangle,19,120,197,156
WEL938013G5A_22-APG_ITIS_H13_1_267_3,scratch,rectangle,25,74,235,180
WEL938019D6A_10-APG_ITIS_H09_1_138_2,scratch,rectangle,167,90,239,184
WEL93804395A_09-APG_ITIS_H166_2_194_3,scratch,rectangle,36,75,85,169
WEL93804395A_21-APG_ITIS_H166_2_101_3,scratch,rectangle,22,132,166,181
WEL93805155A_06-APG_ITIS_H166_2_180_3,scratch,rectangle,36,83,237,115
WEL93813215A_05-APG_ITIS_H166_2_30_1,scratch,rectangle,106,84,194,112
WEL93814934A_17-APG_ITIS_H13_1_115_2,scratch,rectangle,22,94,162,150
WEL93819756A_03-APG_ITIS_H13_1_4_2,scratch,rectangle,36,103,104,193
WEL93822155A_04-APG_ITIS_H13_1_71_2,scratch,rectangle,25,95,64,187
WEL93822155A_05-APG_ITIS_H13_1_51_4,scratch,rectangle,42,83,108,170
WEL93822714A_02-APG_ITIS_H13_1_58_3,scratch,rectangle,170,80,237,168
WEL93826236A_03-APG_ITIS_H09_2_61_2,scratch,rectangle,171,98,238,188
WEL93830195A_09-APG_ITIS_H09_2_101_3,scratch,rectangle,22,99,116,178
WEL93831155A_59-APG_ITIS_H13_1_222_3,scratch,rectangle,204,168,234,192
WEL93834045A_06-APG_ITIS_H09_1_176_3,scratch,rectangle,28,137,63,188
WEL93835216A_16-APG_ITIS_H166_1_172_1,scratch,rectangle,151,123,240,188
WEL93835515A_06-APG_ITIS_H166_2_125_2,scratch,rectangle,140,131,221,170
WEL93841313A_13-APG_ITIS_H13_1_107_2,scratch,rectangle,27,86,219,184
WEL93841313A_14-APG_ITIS_H13_2_267_1,scratch,rectangle,50,99,225,190
WEL93841313A_20-APG_ITIS_H13_2_237_1,scratch,rectangle,171,110,236,187
WEP92710182A_11-APG_ITIS_H112_2_543_1,scratch,rectangle,42,71,228,186
WEP92940310A_05_2_926_4,scratch,rectangle,174,136,228,185
WEP93009411A_06-APG_ITIS_H20_1_165_3,scratch,rectangle,140,90,227,191
WEP93018214A_44-APG_ITIS_H43_1_269_4,scratch,rectangle,72,63,97,90
WEP930250F4A_01-APG_ITIS_H44_2_369_2,scratch,rectangle,20,79,233,185
WEP93028410A_01-APG_ITIS_H09_2_1068_2,scratch,rectangle,108,152,127,171
WEP930361A4A_06_1_132_3,scratch,rectangle,28,71,239,141
WEP93041714A_38-APG_ITIS_H166_2_334_3,scratch,rectangle,43,81,212,137
WEP93100152A_01-APG_ITIS_H75_1_25_3,scratch,rectangle,27,83,81,182
WEP93102554A_29-APG_ITIS_H115_1_70_3,scratch,rectangle,159,78,184,156
WEP93102841A_02-APG_ITIS_H46_1_63_4,scratch,rectangle,68,98,90,188
WEP93102841A_06-APG_ITIS_H46_1_169_4,scratch,rectangle,67,105,89,188
WEP93102841A_06-APG_ITIS_H46_1_264_4,scratch,rectangle,30,100,92,191
WEP93105177A_01-APG_ITIS_H09_2_750_2,scratch,rectangle,198,145,231,169
WEP93106414A_01-APG_ITIS_H47_1_309_3,scratch,rectangle,36,102,74,134
WEP93106414A_05-APG_ITIS_H46_1_173_3,scratch,rectangle,50,113,79,156
WEP93106414A_05-APG_ITIS_H46_1_89_4,scratch,rectangle,49,93,76,128
WEP931103J2A_01-APG_ITIS_H54_1_376_1,scratch,rectangle,76,138,98,153
WEP931103J2A_16-APG_ITIS_H52_2_9_3,scratch,rectangle,20,141,153,188
WEP931117R3A_11-APG_ITIS_H49_1_93_4,scratch,rectangle,175,8,274,149
WEP93113010A_01-APG_ITIS_H13_2_529_3,scratch,rectangle,23,115,68,175
WEP93115311A_21-APG_ITIS_H54_1_379_1,scratch,rectangle,32,91,181,185
WEP931158D3A_41-APG_ITIS_H111_1_227_1,scratch,rectangle,106,89,157,142
WEP93116294A_31-APG_ITIS_H74_2_70_2,scratch,rectangle,27,107,80,198
WEP93120151A_47-APG_ITIS_H116_1_317_2,scratch,rectangle,88,86,171,155
WEP93120151A_47-APG_ITIS_H116_2_298_3,scratch,rectangle,151,103,223,197
WEP93120492A_01-APG_ITIS_H112_2_13_1,scratch,rectangle,153,137,227,159
WEP93123212A_11-APG_ITIS_H166_2_19_3,scratch,rectangle,38,149,238,168
WEP93127292A_56-APG_ITIS_H74_1_308_3,scratch,rectangle,88,105,135,165
WEP93130253A_02-APG_ITIS_H54_1_37_3,scratch,rectangle,28,78,232,166
WEP93130253A_02-APG_ITIS_H54_2_95_2,scratch,rectangle,18,86,82,178
WEP93130312A_02-APG_ITIS_H54_1_98_3,scratch,rectangle,96,119,157,170
WEP93130741A_07-APG_ITIS_H49_2_433_1,scratch,rectangle,144,107,179,184
WEP931319D2A_51-APG_ITIS_H50_1_59_1,scratch,rectangle,78,75,113,119
WEP931319H4A_36-APG_ITIS_H111_1_144_2,scratch,rectangle,41,137,104,180
WEP93133392A_01-APG_ITIS_H166_1_269_2,scratch,rectangle,22,82,144,178
WEP93133392A_04-APG_ITIS_H166_2_83_2,scratch,rectangle,30,76,78,168
WEP931336R2A_01-APG_ITIS_H51_1_159_4,scratch,rectangle,162,151,227,183
WEP931341M3A_51-APG_ITIS_H53_2_265_1,scratch,rectangle,101,132,131,164
WEP931341M3A_51-APG_ITIS_H53_2_267_2,scratch,rectangle,97,121,126,154
WEP931341M3A_51-APG_ITIS_H53_2_271_3,scratch,rectangle,91,115,137,156
WEP931344D3A_70-APG_ITIS_H56_2_145_4,scratch,rectangle,118,88,232,183
WEP931349D2A_01-APG_ITIS_H52_1_311_3,scratch,rectangle,72,120,158,171
WEP93136054A_56-APG_ITIS_H52_2_263_3,scratch,rectangle,69,73,153,132
WEP93137691A_12-APG_ITIS_H112_2_833_1,scratch,rectangle,22,74,240,176
WEP931386D3A_53-APG_ITIS_H47_2_69_1,scratch,rectangle,72,154,94,185
WEP93139594A_07-APG_ITIS_H51_2_145_3,scratch,rectangle,62,82,91,113
WEP931395D4A_16-APG_ITIS_H112_2_327_1,scratch,rectangle,50,83,112,176
WEP93142843A_11-APG_ITIS_H20_2_181_1,scratch,rectangle,43,105,78,200
WEP932001H1A_36-APG_ITIS_H112_2_326_3,scratch,rectangle,106,81,232,171
WEP932007D3A_46-APG_ITIS_H54_2_311_2,scratch,rectangle,162,88,201,117
WEP93202911A_17-APG_ITIS_H73_1_31_3,scratch,rectangle,24,79,158,159
WEP93204011A_69-APG_ITIS_H111_2_152_4,scratch,rectangle,43,84,255,194
WEP93209113A_13-APG_ITIS_H74_1_302_2,scratch,rectangle,116,93,216,185
WEP93209311A_57-APG_ITIS_H51_2_149_2,scratch,rectangle,86,88,127,183
WEP93209312A_01-APG_ITIS_H111_2_245_4,scratch,rectangle,108,121,171,179
WEP93210852A_28-APG_ITIS_H111_2_106_4,scratch,rectangle,68,113,95,168
WEP93210852A_29-APG_ITIS_H50_1_343_3,scratch,rectangle,70,130,88,172
WEP932129H3A_70-APG_ITIS_H13_1_65_4,scratch,rectangle,19,90,226,187
WEP932143D4A_12-APG_ITIS_H49_2_11_2,scratch,rectangle,58,154,69,185
WEP932143D4A_12-APG_ITIS_H49_2_9_2,scratch,rectangle,55,134,80,175
WEP932143D4A_24-APG_ITIS_H49_2_85_4,scratch,rectangle,63,135,80,181
WEP93215114A_14-APG_ITIS_H49_2_76_1,scratch,rectangle,109,100,183,193
WEP93216653A_01-APG_ITIS_H50_2_133_3,scratch,rectangle,168,155,227,194
WEP93218411A_20-APG_ITIS_H43_2_375_1,scratch,rectangle,112,80,224,175
WEP932208D1A_01-APG_ITIS_H54_2_689_2,scratch,rectangle,19,88,229,181
WEP932219D4A_01-APG_ITIS_H52_2_251_3,scratch,rectangle,54,100,157,130
WEP93222040A_02-APG_ITIS_H54_2_713_1,scratch,rectangle,19,153,156,183
WEP93224212A_23-APG_ITIS_H112_2_106_2,scratch,rectangle,188,161,226,190
WEP93224891A_44-APG_ITIS_H112_1_288_1,scratch,rectangle,103,137,142,168
WEP932260N4A_01-APG_ITIS_H45_1_42_2,scratch,rectangle,27,95,228,192
WEP93226810A_20-APG_ITIS_H111_1_265_4,scratch,rectangle,22,100,82,168
WEP93230094A_61-APG_ITIS_H44_2_61_3,scratch,rectangle,106,104,152,144
WEP93230493A_01-APG_ITIS_H53_2_640_4,scratch,rectangle,210,113,228,164
WEP93230751A_01-APG_ITIS_H50_2_323_4,scratch,rectangle,54,146,76,171
WEP93237392A_33-APG_ITIS_H56_1_257_2,scratch,rectangle,50,53,112,105
WEP93238851A_06-APG_ITIS_H49_1_343_2,scratch,rectangle,88,130,133,171
WEP932388D3A_48-APG_ITIS_H52_2_158_1,scratch,rectangle,171,108,235,198
WEP932388M2A_16-APG_ITIS_H49_1_171_3,scratch,rectangle,23,96,225,193
WEP932388M2A_16-APG_ITIS_H49_1_99_1,scratch,rectangle,22,94,226,185
WEP93241621A_11-APG_ITIS_H166_1_376_3,scratch,rectangle,95,120,244,178
WEP93242091A_21-APG_ITIS_H54_1_8_4,scratch,rectangle,113,118,141,153
WEP93301093A_36-APG_ITIS_H52_2_118_2,scratch,rectangle,101,120,152,169
WEP93302194A_31-APG_ITIS_H52_1_89_4,scratch,rectangle,166,96,235,187
WEP933059H1A_23-APG_ITIS_H166_2_224_4,scratch,rectangle,36,89,188,174
WEP93306194A_02-APG_ITIS_H53_1_907_1,scratch,rectangle,93,110,147,169
WEP93308210A_01-APG_ITIS_H53_2_1220_3,scratch,rectangle,202,101,239,196
WEP93308723A_07-APG_ITIS_H166_2_92_1,scratch,rectangle,124,105,151,130
WEP93308731A_05-APG_ITIS_H13_1_157_4,scratch,rectangle,48,81,216,122
WEP933101D3A_21-APG_ITIS_H73_2_204_1,scratch,rectangle,172,88,230,134
WEP933101H3A_04-APG_ITIS_H46_1_187_1,scratch,rectangle,24,119,226,159
WEP933101H3A_06-APG_ITIS_H46_2_103_4,scratch,rectangle,43,115,243,163
WEP933111D1A_14-APG_ITIS_H51_2_376_3,scratch,rectangle,157,168,223,204
WEP93314512A_26-APG_ITIS_H35_2_75_1,scratch,rectangle,118,90,154,125
WEP93315011A_30-APG_ITIS_H49_1_39_4,scratch,rectangle,23,106,228,132
WEP93315011A_31-APG_ITIS_H49_1_159_3,scratch,rectangle,19,112,223,144
WEP93315011A_31-APG_ITIS_H49_2_269_3,scratch,rectangle,19,113,225,134
WEP93317894A_51-APG_ITIS_H52_2_58_3,scratch,rectangle,17,134,44,161
WEP93318610A_57-APG_ITIS_H49_2_188_1,scratch,rectangle,164,161,228,183
WEP933192D2A_19-APG_ITIS_H116_1_193_1,scratch,rectangle,18,96,231,184
WEP93319351A_02-APG_ITIS_H53_2_867_3,scratch,rectangle,113,102,158,146
WEP93319613A_02-APG_ITIS_H53_2_127_2,scratch,rectangle,108,118,144,158
WEP93319613A_03-APG_ITIS_H53_2_1198_1,scratch,rectangle,129,124,178,173
WEP93319693A_01-APG_ITIS_H53_2_1171_1,scratch,rectangle,27,91,193,178
WEP93320842A_06-APG_ITIS_H112_1_155_4,scratch,rectangle,130,90,183,149
WEP93320843A_50-APG_ITIS_H49_1_325_3,scratch,rectangle,96,119,151,172
WEP93321711A_57-APG_ITIS_H52_1_196_1,scratch,rectangle,77,145,110,187
WEP93322491A_01-APG_ITIS_H52_1_274_3,scratch,rectangle,129,98,212,185
WEP933231D1A_06-APG_ITIS_H46_2_222_3,scratch,rectangle,56,81,78,134
WEP93324811A_36-APG_ITIS_H54_2_235_2,scratch,rectangle,113,108,153,156
WEP933248M2A_06-APG_ITIS_H20_1_43_4,scratch,rectangle,0,3,48,95
WEP933259D2A_46-APG_ITIS_H50_1_34_3,scratch,rectangle,88,90,236,181
WEP93326453A_16-APG_ITIS_H53_1_712_4,scratch,rectangle,110,121,169,170
WEP93327853A_21-APG_ITIS_H47_2_298_4,scratch,rectangle,43,143,56,176
WEP93329353A_01-APG_ITIS_H73_2_1245_1,scratch,rectangle,91,128,225,171
WEP933296M3A_17-APG_ITIS_H53_2_769_2,scratch,rectangle,37,94,86,112
WEP93330091A_21-APG_ITIS_H51_1_29_2,scratch,rectangle,26,146,233,192
WEP93331211A_03-APG_ITIS_H09_2_74_3,scratch,rectangle,56,89,235,179
WEP93331441A_72-APG_ITIS_H50_2_359_4,scratch,rectangle,130,83,227,176
WEP93333092A_66-APG_ITIS_H46_2_200_3,scratch,rectangle,123,93,218,166
WEP93336811A_05-APG_ITIS_H09_1_155_2,scratch,rectangle,41,90,59,139
WEP93336911A_16-APG_ITIS_H09_1_126_1,scratch,rectangle,37,88,88,181
WEP93336911A_16-APG_ITIS_H09_1_173_3,scratch,rectangle,37,81,73,131
WEP93336911A_16-APG_ITIS_H09_2_188_1,scratch,rectangle,51,98,84,185
WEP93337654A_36-APG_ITIS_H111_2_137_3,scratch,rectangle,45,125,67,170
WEP933392D2A_56-APG_ITIS_H49_2_15_3,scratch,rectangle,51,148,74,196
WEP933392D2A_56-APG_ITIS_H49_2_76_1,scratch,rectangle,46,162,56,181
WEP933392D2A_57-APG_ITIS_H51_1_207_3,scratch,rectangle,49,152,58,175
WEP933392D2A_57-APG_ITIS_H51_1_249_2,scratch,rectangle,47,163,63,185
WEP933392D2A_57-APG_ITIS_H51_1_36_3,scratch,rectangle,39,105,235,193
WEP93339394A_44-APG_ITIS_H51_1_215_4,scratch,rectangle,49,79,202,111
WEP93340291A_03-APG_ITIS_H166_2_343_3,scratch,rectangle,83,79,238,177
WEP93341093A_59-APG_ITIS_H52_1_281_4,scratch,rectangle,195,139,221,166
WEP93344035A_01-APG_ITIS_H116_1_13_3,scratch,rectangle,25,106,237,192
WEP93344035A_01-APG_ITIS_H116_1_4_1,scratch,rectangle,27,130,236,195
WEP93344035A_01-APG_ITIS_H116_2_312_3,scratch,rectangle,28,130,235,184
WEP93402751A_11-APG_ITIS_H51_2_101_3,scratch,rectangle,129,91,210,180
WEP93404310A_01-APG_ITIS_H13_2_231_3,scratch,rectangle,23,87,228,183
WEP93404910A_01-APG_ITIS_H166_1_226_1,scratch,rectangle,32,76,234,140
WEP934051B3A_22-APG_ITIS_H20_1_366_3,scratch,rectangle,184,100,233,163
WEP93406131A_43-APG_ITIS_H54_2_132_4,scratch,rectangle,199,81,261,199
WEP93407911A_03-APG_ITIS_H47_1_791_1,scratch,rectangle,21,100,229,187
WEP93408310A_01-APG_ITIS_H09_1_215_4,scratch,rectangle,27,85,86,127
WEP93408611A_20-APG_ITIS_H112_1_93_1,scratch,rectangle,112,91,201,119
WEP93409093A_14-APG_ITIS_H50_2_258_4,scratch,rectangle,25,102,53,191
WEP934118D1A_20-APG_ITIS_H112_1_131_3,scratch,rectangle,172,94,230,180
WEP934118D1A_22-APG_ITIS_H111_1_52_4,scratch,rectangle,213,105,245,195
WEP934118D1A_23-APG_ITIS_H112_1_195_3,scratch,rectangle,203,107,234,194
WEP934118D1A_23-APG_ITIS_H112_1_198_2,scratch,rectangle,179,102,235,188
WEP934118D1A_23-APG_ITIS_H112_1_363_3,scratch,rectangle,216,100,233,187
WEP934118D1A_23-APG_ITIS_H112_2_112_3,scratch,rectangle,202,88,229,179
WEP934118D1A_24-APG_ITIS_H112_1_155_2,scratch,rectangle,202,105,238,200
WEP934118D1A_24-APG_ITIS_H112_2_273_2,scratch,rectangle,203,91,234,180
WEP934118D1A_25-APG_ITIS_H112_1_224_1,scratch,rectangle,203,96,235,185
WEP934118D1A_25-APG_ITIS_H112_1_297_3,scratch,rectangle,199,103,229,191
WEP934118D1A_26-APG_ITIS_H112_1_371_4,scratch,rectangle,205,100,231,127
WEP934118D1A_26-APG_ITIS_H112_2_35_3,scratch,rectangle,201,96,229,185
WEP934118D1A_27-APG_ITIS_H112_2_282_3,scratch,rectangle,209,109,229,193
WEP934118D1A_28-APG_ITIS_H112_1_353_3,scratch,rectangle,207,101,230,190
WEP934118D1A_29-APG_ITIS_H112_1_254_4,scratch,rectangle,172,160,232,187
WEP934125G1A_37-APG_ITIS_H166_2_59_3,scratch,rectangle,34,122,195,180
WEP93412762A_21-APG_ITIS_H56_1_372_3,scratch,rectangle,126,102,151,198
WEP934141M4A_21-APG_ITIS_H50_1_154_3,scratch,rectangle,29,85,63,142
WEP934143H4A_52-APG_ITIS_H51_1_345_4,scratch,rectangle,25,105,68,192
WEP93416991A_57-APG_ITIS_H74_1_267_3,scratch,rectangle,24,98,227,189
WEP93416991A_57-APG_ITIS_H74_2_170_3,scratch,rectangle,18,88,217,175
WEP93416991A_57-APG_ITIS_H74_2_38_2,scratch,rectangle,13,102,219,188
WEP934176S1A_13-APG_ITIS_H46_2_1231_3,scratch,rectangle,156,90,178,121
WEP934187D2A_21-APG_ITIS_H54_1_83_1,scratch,rectangle,22,83,226,151
WEP934187D2A_26-APG_ITIS_H52_1_329_4,scratch,rectangle,53,105,170,185
WEP934190H1A_36-APG_ITIS_H54_1_92_2,scratch,rectangle,56,139,229,178
WEP934190M3A_51-APG_ITIS_H54_1_84_4,scratch,rectangle,112,112,150,163
WEP93420962A_01-APG_ITIS_H49_1_277_4,scratch,rectangle,47,92,217,182
WEP93421014A_26-APG_ITIS_H54_1_344_3,scratch,rectangle,108,127,134,165
WEP934210H2A_46-APG_ITIS_H111_1_262_4,scratch,rectangle,25,92,79,142
WEP934211D2A_51-APG_ITIS_H51_1_303_1,scratch,rectangle,184,138,233,186
WEP93422012A_03-APG_ITIS_H166_1_354_1,scratch,rectangle,17,109,227,180
WEP93423414A_18-APG_ITIS_H73_1_295_3,scratch,rectangle,116,143,224,199
WEP93424111A_24-APG_ITIS_H09_1_221_1,scratch,rectangle,46,127,205,181
WEP93424111A_24-APG_ITIS_H09_1_68_4,scratch,rectangle,21,91,55,143
WEP93424114A_32-APG_ITIS_H13_1_254_3,scratch,rectangle,99,84,230,185
WEP934241C2A_67-APG_ITIS_H09_1_366_1,scratch,rectangle,29,83,67,176
WEP93425713A_13-APG_ITIS_H73_2_65_4,scratch,rectangle,18,90,169,182
WEP93428312A_02-APG_ITIS_H54_1_276_3,scratch,rectangle,88,105,144,154
WEP93428411A_51-APG_ITIS_H52_2_264_2,scratch,rectangle,36,94,191,130
WEP93428411A_57-APG_ITIS_H54_1_93_2,scratch,rectangle,35,135,112,185
WEP93428413A_47-APG_ITIS_H52_1_263_3,scratch,rectangle,29,98,161,185
WEP93428413A_47-APG_ITIS_H52_2_58_1,scratch,rectangle,18,144,109,181
WEP93428754A_47-APG_ITIS_H166_2_80_3,scratch,rectangle,23,85,108,181
WEP93429293A_24-APG_ITIS_H73_1_78_2,scratch,rectangle,125,85,223,180
WEP93430210A_02-APG_ITIS_H50_2_123_2,scratch,rectangle,112,94,227,154
WEP93432362A_36-APG_ITIS_H46_1_117_3,scratch,rectangle,52,100,85,149
WEP93435810A_01-APG_ITIS_H52_2_216_2,scratch,rectangle,144,90,220,176
WEP93441614A_30-APG_ITIS_H13_2_9_3,scratch,rectangle,16,115,45,147
WEP93443151A_46-APG_ITIS_H51_1_12_4,scratch,rectangle,172,122,237,181
WEP93444191A_10-APG_ITIS_H53_1_942_3,scratch,rectangle,130,95,229,189
WEP93502014A_41-APG_ITIS_H49_2_212_2,scratch,rectangle,121,123,220,173
WEP93502014A_42-APG_ITIS_H50_1_51_2,scratch,rectangle,20,79,227,142
WEP93502014A_42-APG_ITIS_H50_2_87_1,scratch,rectangle,72,124,226,173
WEP935025B2A_25-APG_ITIS_H45_2_30_1,scratch,rectangle,45,91,84,176
WEP93508693A_02-APG_ITIS_H54_1_222_1,scratch,rectangle,137,79,180,136
WEP93509353A_15-APG_ITIS_H49_1_261_4,scratch,rectangle,81,159,96,195
WEP93509353A_15-APG_ITIS_H49_1_269_4,scratch,rectangle,71,103,94,161
WEP93509353A_15-APG_ITIS_H49_1_283_4,scratch,rectangle,76,143,102,191
WEP93509353A_15-APG_ITIS_H49_1_303_3,scratch,rectangle,76,161,99,190
WEP93509353A_15-APG_ITIS_H49_1_327_3,scratch,rectangle,72,108,88,188
WEP93509353A_15-APG_ITIS_H49_2_237_3,scratch,rectangle,73,157,94,190
WEP93509353A_15-APG_ITIS_H49_2_364_4,scratch,rectangle,75,130,92,173
WEP93509353A_15-APG_ITIS_H49_2_368_4,scratch,rectangle,73,153,88,177
WEP935123H2A_17-APG_ITIS_H53_2_1182_1,scratch,rectangle,25,74,239,119
WEP93513911B_02-APG_ITIS_H115_2_243_1,scratch,rectangle,153,90,232,181
WEP93517114A_05-APG_ITIS_H73_2_20_3,scratch,rectangle,94,118,226,193
WEP93517794A_09-APG_ITIS_H47_1_97_3,scratch,rectangle,199,107,249,199
WEP935177H1A_34-APG_ITIS_H50_2_87_4,scratch,rectangle,20,116,72,180
WEP935189D1A_57-APG_ITIS_H09_2_80_1,scratch,rectangle,20,93,230,197
WEP935189R1A_26-APG_ITIS_H52_1_109_2,scratch,rectangle,127,101,180,183
WEP93519392A_20-APG_ITIS_H73_2_22_3,scratch,rectangle,15,81,172,191
WEP935194H3A_50-APG_ITIS_H54_1_220_3,scratch,rectangle,19,154,221,192
WEP935194H4A_52-APG_ITIS_H54_1_223_1,scratch,rectangle,24,74,229,170
WEP935196N1A_13-APG_ITIS_H50_2_262_4,scratch,rectangle,26,84,234,181
WEP93522012A_57-APG_ITIS_H49_1_91_2,scratch,rectangle,16,106,218,147
WEP93522012A_57-APG_ITIS_H49_2_26_3,scratch,rectangle,15,93,220,181
WEP93522693A_57-APG_ITIS_H57_2_132_3,scratch,rectangle,127,144,187,176
WEP93523311A_17-APG_ITIS_H13_2_1174_2,scratch,rectangle,23,121,233,170
WEP93523394A_01-APG_ITIS_H166_1_1227_2,scratch,rectangle,128,107,207,192
WEP935237D4A_33-APG_ITIS_H115_2_89_2,scratch,rectangle,188,149,205,193
WEP93524124A_06-APG_ITIS_H46_1_1110_2,scratch,rectangle,150,101,196,170
WEP93524152A_01-APG_ITIS_H112_1_389_4,scratch,rectangle,19,84,70,173
WEP935244E1A_01-APG_ITIS_H74_1_249_3,scratch,rectangle,182,115,225,204
WEP935245D1A_31-APG_ITIS_H112_2_20_4,scratch,rectangle,162,120,197,160
WEP93525591A_01-APG_ITIS_H54_1_304_2,scratch,rectangle,49,125,150,168
WEP93527652A_01-APG_ITIS_H111_2_233_2,scratch,rectangle,107,71,246,96
WEP93527652A_02-APG_ITIS_H112_1_199_4,scratch,rectangle,29,88,97,176
WEP93527652A_02-APG_ITIS_H112_2_152_2,scratch,rectangle,27,86,233,192
WEP935286H3A_30-APG_ITIS_H112_2_380_4,scratch,rectangle,40,77,170,182
WEP935290H2A_01-APG_ITIS_H53_1_1041_1,scratch,rectangle,63,108,239,187
WEP93529511A_22-APG_ITIS_H111_2_61_3,scratch,rectangle,207,124,236,154
WEP93529511A_32-APG_ITIS_H112_2_293_1,scratch,rectangle,63,141,138,183
WEP93529854A_02-APG_ITIS_H49_2_27_4,scratch,rectangle,65,78,225,172
WEP93529895A_01-APG_ITIS_H53_2_652_1,scratch,rectangle,23,95,79,141
WEP93529992A_01-APG_ITIS_H111_1_242_2,scratch,rectangle,154,81,246,168
WEP935300D3A_17-APG_ITIS_H115_2_585_3,scratch,rectangle,25,64,234,159
WEP93530112A_01-APG_ITIS_H166_1_157_2,scratch,rectangle,58,151,121,195
WEP93530112A_01-APG_ITIS_H166_2_118_4,scratch,rectangle,35,84,216,181
WEP93530112A_01-APG_ITIS_H166_2_34_1,scratch,rectangle,32,86,206,176
WEP93530112A_02-APG_ITIS_H166_2_351_1,scratch,rectangle,26,134,242,182
WEP93530312A_09-APG_ITIS_H166_1_199_3,scratch,rectangle,94,86,197,125
WEP93531032A_03-APG_ITIS_H09_1_100_3,scratch,rectangle,45,91,100,143
WEP93533052A_53-APG_ITIS_H49_1_11_3,scratch,rectangle,61,124,171,189
WEP93534314A_06-APG_ITIS_H47_1_27_4,scratch,rectangle,16,91,91,183
WEP93534911A_17-APG_ITIS_H73_2_233_3,scratch,rectangle,31,93,196,197
WEP93534915A_01-APG_ITIS_H56_2_90_3,scratch,rectangle,59,87,136,185
WEP93540014A_51-APG_ITIS_H50_1_53_1,scratch,rectangle,37,128,64,163
WEP93540014A_51-APG_ITIS_H50_2_158_2,scratch,rectangle,121,86,230,181
WEP93540014A_51-APG_ITIS_H50_2_213_4,scratch,rectangle,22,75,228,168
WEP93540014A_51-APG_ITIS_H50_2_69_4,scratch,rectangle,25,76,227,163
WEP93540111A_01-APG_ITIS_H44_2_200_3,scratch,rectangle,31,99,74,176
WEP93600613A_01-APG_ITIS_H49_2_313_1,scratch,rectangle,180,102,196,129
WEP93600613A_07-APG_ITIS_H51_1_210_1,scratch,rectangle,181,81,198,119
WEP93600613A_07-APG_ITIS_H51_1_354_4,scratch,rectangle,193,78,198,122
WEP93600613A_07-APG_ITIS_H51_1_356_4,scratch,rectangle,184,90,198,178
WEP93600616A_01-APG_ITIS_H09_1_97_4,scratch,rectangle,125,167,178,188
WEP93602011A_03-APG_ITIS_H166_2_130_2,scratch,rectangle,90,76,119,125
WEP93602011A_03-APG_ITIS_H166_2_197_1,scratch,rectangle,57,90,93,173
WEP93602011A_03-APG_ITIS_H166_2_283_3,scratch,rectangle,51,73,101,175
WEP93609711A_40-APG_ITIS_H112_2_254_4,scratch,rectangle,106,144,222,180
WEP93610193A_06-APG_ITIS_H50_2_18_2,scratch,rectangle,161,83,195,136
WEP936126D2A_56-APG_ITIS_H57_1_375_1,scratch,rectangle,20,74,198,177
WEP93612764A_11-APG_ITIS_H47_1_334_3,scratch,rectangle,62,105,192,144
WEP93615214A_37-APG_ITIS_H57_1_235_2,scratch,rectangle,33,83,160,186
WEP93615664A_16-APG_ITIS_H46_1_321_1,scratch,rectangle,175,93,242,198
WEP936156N4A_36-APG_ITIS_H51_2_239_2,scratch,rectangle,38,67,156,167
WEP936156N4A_36-APG_ITIS_H51_2_295_3,scratch,rectangle,147,69,226,172
WEP93616953A_26-APG_ITIS_H47_1_78_3,scratch,rectangle,30,67,86,177
WEP93618192A_11-APG_ITIS_H46_1_198_2,scratch,rectangle,30,79,237,130
WEP93618452A_41-APG_ITIS_H49_1_279_2,scratch,rectangle,20,93,137,192
WEP93618452A_42-APG_ITIS_H49_2_182_1,scratch,rectangle,19,76,227,176
WEP936184H1A_11-APG_ITIS_H49_1_141_1,scratch,rectangle,8,92,218,188
WEP936186D1A_64-APG_ITIS_H74_2_36_2,scratch,rectangle,81,72,229,178
WEP936186D1A_64-APG_ITIS_H74_2_86_4,scratch,rectangle,76,76,159,181
WEP93620393A_06-APG_ITIS_H74_2_134_4,scratch,rectangle,157,93,225,188
WEP93621612A_31-APG_ITIS_H74_1_298_3,scratch,rectangle,24,85,175,190
WEP93622112A_43-APG_ITIS_H51_1_174_1,scratch,rectangle,50,76,91,133
WEP93622112A_43-APG_ITIS_H51_2_379_3,scratch,rectangle,47,95,85,147
WEP93623812A_27-APG_ITIS_H166_2_310_1,scratch,rectangle,41,75,103,175
WEP93623912A_05-APG_ITIS_H75_1_1030_4,scratch,rectangle,157,68,216,117
WEP936242D1A_20-APG_ITIS_H112_1_497_1,scratch,rectangle,153,82,240,190
WEP93624452A_27-APG_ITIS_H43_1_227_2,scratch,rectangle,99,73,158,180
WEP936247B2A_11-APG_ITIS_H47_1_248_1,scratch,rectangle,59,90,102,183
WEP93631213A_26-APG_ITIS_H54_1_364_3,scratch,rectangle,117,127,153,164
WEP93631214A_57-APG_ITIS_H54_1_162_2,scratch,rectangle,16,88,173,187
WEP93632153A_31-APG_ITIS_H51_1_146_3,scratch,rectangle,94,90,136,185
WEP93632853A_01-APG_ITIS_H115_1_1151_4,scratch,rectangle,34,104,90,198
WEP93632854A_01-APG_ITIS_H115_1_314_2,scratch,rectangle,167,76,245,183
WEP936331D5A_02-APG_ITIS_H52_1_25_3,scratch,rectangle,128,91,179,186
WEP93633454A_57-APG_ITIS_H50_1_9_3,scratch,rectangle,103,94,157,190
WEP93634051A_02-APG_ITIS_H52_1_342_1,scratch,rectangle,120,138,172,190
WEP93634493A_01-APG_ITIS_H53_2_276_2,scratch,rectangle,86,106,213,171
WEP93635042A_09-APG_ITIS_H73_1_794_1,scratch,rectangle,31,85,144,114
WEP936353D2A_26-APG_ITIS_H112_1_80_1,scratch,rectangle,27,76,58,105
WEP93635491A_01-APG_ITIS_H52_2_380_3,scratch,rectangle,24,86,83,187
WEP936359D7A_07-APG_ITIS_H09_1_222_2,scratch,rectangle,25,83,234,180
WEP93636953A_46-APG_ITIS_H50_2_52_3,scratch,rectangle,77,150,168,168
WEP936371R2A_41-APG_ITIS_H74_2_73_3,scratch,rectangle,31,98,238,198
WEP936371R2A_45-APG_ITIS_H74_2_45_1,scratch,rectangle,87,88,227,190
WEP93637493A_32-APG_ITIS_H54_2_243_1,scratch,rectangle,43,98,156,163
WEP93639351A_07-APG_ITIS_H72_2_691_3,scratch,rectangle,28,77,71,135
WEP93639431A_04-APG_ITIS_H72_1_717_3,scratch,rectangle,124,61,181,107
WEP93639591A_08-APG_ITIS_H72_2_178_2,scratch,rectangle,27,12,195,173
WEP93640715A_03-APG_ITIS_H09_1_36_1,scratch,rectangle,178,131,228,181
WEP936407D4A_51-APG_ITIS_H09_2_9_2,scratch,rectangle,35,156,162,188
WEP93640813A_51-APG_ITIS_H50_1_12_1,scratch,rectangle,86,98,229,141
WEP93641194A_11-APG_ITIS_H111_1_235_4,scratch,rectangle,184,79,225,146
WEP936411M4A_26-APG_ITIS_H47_1_331_2,scratch,rectangle,205,90,224,173
WEP93641314A_19-APG_ITIS_H112_2_344_4,scratch,rectangle,80,107,175,158
WEP93641353A_42-APG_ITIS_H111_1_101_3,scratch,rectangle,191,151,216,166
WEP93641353A_42-APG_ITIS_H111_2_97_2,scratch,rectangle,213,153,241,173
WEP936414H1A_11-APG_ITIS_H49_1_48_3,scratch,rectangle,203,102,227,170
WEP93641721A_08-APG_ITIS_H56_2_269_4,scratch,rectangle,80,105,127,163
WEP93641862A_06-APG_ITIS_H53_2_866_4,scratch,rectangle,118,116,166,158
WEP93641913A_01-APG_ITIS_H47_1_11_4,scratch,rectangle,25,150,231,184
WEP93641954A_11-APG_ITIS_H74_2_95_3,scratch,rectangle,178,107,225,194
WEP936423B2A_01-APG_ITIS_H49_1_282_1,scratch,rectangle,27,93,232,185
WEP936423B2A_01-APG_ITIS_H49_2_201_4,scratch,rectangle,80,130,243,164
WEP93643893A_46-APG_ITIS_H46_2_50_3,scratch,rectangle,20,103,201,162
WEP93644112A_11-APG_ITIS_H09_1_18_4,scratch,rectangle,57,129,88,187
WEP93644323A_25-APG_ITIS_H09_1_351_4,scratch,rectangle,76,164,228,202
WEP93644612A_57-APG_ITIS_H74_1_35_1,scratch,rectangle,41,82,126,153
WEP93644612A_57-APG_ITIS_H74_2_115_4,scratch,rectangle,109,96,149,189
WEP93644893A_46-APG_ITIS_H74_2_208_3,scratch,rectangle,16,120,92,183
WEP93702314A_21-APG_ITIS_H47_2_93_4,scratch,rectangle,113,120,211,152
WEP937023D2A_36-APG_ITIS_H46_1_133_3,scratch,rectangle,26,91,238,193
WEP93702493A_36-APG_ITIS_H44_1_339_3,scratch,rectangle,36,110,246,192
WEP937063D4A_30-APG_ITIS_H54_2_54_4,scratch,rectangle,156,147,192,183
WEP93707923A_26-APG_ITIS_H47_2_43_1,scratch,rectangle,38,96,76,187
WEP93707923A_41-APG_ITIS_H46_1_45_4,scratch,rectangle,42,103,80,200
WEP93708610A_01-APG_ITIS_H44_1_182_2,scratch,rectangle,34,96,226,135
WEP937112M3A_16-APG_ITIS_H116_1_69_1,scratch,rectangle,21,86,108,147
WEP93711913A_56-APG_ITIS_H51_1_287_4,scratch,rectangle,37,146,57,198
WEP93711913A_56-APG_ITIS_H51_2_268_1,scratch,rectangle,36,147,58,202
WEP93712051A_04-APG_ITIS_H111_1_33_2,scratch,rectangle,36,78,98,174
WEP93713963A_04-APG_ITIS_H72_2_11_1,scratch,rectangle,30,77,63,100
WEP93715391A_09-APG_ITIS_H44_2_384_1,scratch,rectangle,49,91,234,139
WEP93715594A_47-APG_ITIS_H13_1_8_1,scratch,rectangle,31,81,170,189
WEP93718914A_03-APG_ITIS_H166_2_18_1,scratch,rectangle,28,74,230,165
WEP937225H1A_01-APG_ITIS_H49_1_992_2,scratch,rectangle,174,105,225,195
WEP93722711A_17-APG_ITIS_H45_1_366_4,scratch,rectangle,72,141,100,177
WEP937227A1A_38-APG_ITIS_H53_2_125_1,scratch,rectangle,52,98,86,132
WEP93722953A_17-APG_ITIS_H53_2_1166_3,scratch,rectangle,25,149,82,192
WEP93723152A_51-APG_ITIS_H111_2_86_1,scratch,rectangle,132,75,220,170
WEP93723152A_52-APG_ITIS_H111_2_178_3,scratch,rectangle,42,109,127,161
WEP93724781A_26-APG_ITIS_H57_1_50_4,scratch,rectangle,24,94,206,181
WEP93724781A_26-APG_ITIS_H57_2_57_3,scratch,rectangle,20,88,207,176
WEP93724955A_04-APG_ITIS_H166_2_91_1,scratch,rectangle,82,137,168,170
WEP93724955A_14-APG_ITIS_H13_1_13_2,scratch,rectangle,31,93,224,195
WEP937260M3A_01-APG_ITIS_H74_2_331_4,scratch,rectangle,65,86,233,181
WEP937260M4A_41-APG_ITIS_H46_1_14_3,scratch,rectangle,116,115,247,181
WEP93727652A_11-APG_ITIS_H09_2_151_3,scratch,rectangle,176,147,200,190
WEP93727663A_02-APG_ITIS_H09_2_231_2,scratch,rectangle,24,97,117,189
WEP93728692A_20-APG_ITIS_H52_2_796_1,scratch,rectangle,25,86,236,186
WEP93729111A_51-APG_ITIS_H74_2_224_3,scratch,rectangle,14,93,223,189
WEP93729191A_21-APG_ITIS_H51_2_122_2,scratch,rectangle,108,93,228,181
WEP93729194A_21-APG_ITIS_H09_2_19_1,scratch,rectangle,18,93,236,188
WEP93729351A_51-APG_ITIS_H47_1_53_3,scratch,rectangle,19,89,225,181
WEP93729814A_32-APG_ITIS_H51_2_278_3,scratch,rectangle,22,80,56,175
WEP93730111A_56-APG_ITIS_H52_1_68_3,scratch,rectangle,123,134,228,190
WEP93730414A_01-APG_ITIS_H111_1_137_2,scratch,rectangle,40,79,249,180
WEP93730473A_57-APG_ITIS_H112_1_87_2,scratch,rectangle,55,71,109,131
WEP93731512A_25-APG_ITIS_H56_2_196_2,scratch,rectangle,22,74,232,179
WEP93732114A_01-APG_ITIS_H56_2_71_2,scratch,rectangle,20,86,232,181
WEP93732494A_01-APG_ITIS_H20_2_308_3,scratch,rectangle,99,91,228,187
WEP93734451A_07-APG_ITIS_H46_1_243_4,scratch,rectangle,25,175,210,262
WEP93734954A_01-APG_ITIS_H73_2_1133_4,scratch,rectangle,185,91,238,181
WEP93734954A_01-APG_ITIS_H73_2_892_1,scratch,rectangle,157,94,234,175
WEP93737812A_02-APG_ITIS_H09_1_101_3,scratch,rectangle,51,168,74,192
WEP937405M4A_05-APG_ITIS_H115_1_276_4,scratch,rectangle,9,144,220,174
WEP937405M4A_05-APG_ITIS_H115_2_200_3,scratch,rectangle,26,128,237,191
WEP937405M4A_06-APG_ITIS_H46_1_301_3,scratch,rectangle,87,82,187,113
WEP937405M4A_08-APG_ITIS_H115_1_8_3,scratch,rectangle,41,106,249,164
WEP937405M4A_08-APG_ITIS_H115_2_139_1,scratch,rectangle,24,103,233,147
WEP937405M4A_11-APG_ITIS_H46_2_195_3,scratch,rectangle,14,85,224,152
WEP93800511A_01-APG_ITIS_H47_2_949_2,scratch,rectangle,12,83,77,140
WEP938019H3A_13-APG_ITIS_H53_2_16_4,scratch,rectangle,58,110,157,153
WEP938020H3A_28-APG_ITIS_H72_2_105_4,scratch,rectangle,161,106,182,146
WEP938028H3A_29-APG_ITIS_H52_1_38_4,scratch,rectangle,80,131,207,163
WEP938028H3A_29-APG_ITIS_H52_2_25_1,scratch,rectangle,47,146,110,178
WEP938028H3A_30-APG_ITIS_H52_2_133_4,scratch,rectangle,18,105,213,200
WEP938028H3A_30-APG_ITIS_H52_2_83_4,scratch,rectangle,17,91,221,183
WEP93803491A_08-APG_ITIS_H46_2_343_2,scratch,rectangle,188,142,221,180
WEP93803792A_12-APG_ITIS_H49_2_85_2,scratch,rectangle,20,84,235,137
WEP93805455A_03-APG_ITIS_H20_1_343_3,scratch,rectangle,142,76,238,171
WEP93807152A_01-APG_ITIS_H51_1_368_4,scratch,rectangle,19,102,221,195
WEP93807152A_01-APG_ITIS_H51_2_341_1,scratch,rectangle,108,132,151,176
WEP93807152A_16-APG_ITIS_H115_1_743_4,scratch,rectangle,13,88,113,183
WEP93808144A_01-APG_ITIS_H73_2_185_4,scratch,rectangle,26,92,121,189
WEP93808591A_21-APG_ITIS_H112_1_249_4,scratch,rectangle,220,99,242,195
WEP938089H3A_11-APG_ITIS_H115_1_140_1,scratch,rectangle,141,81,203,183
WEP93809112A_17-APG_ITIS_H57_1_23_4,scratch,rectangle,31,85,238,154
WEP93809153A_22-APG_ITIS_H73_2_151_3,scratch,rectangle,26,99,226,192
WEP93812421A_03-APG_ITIS_H166_2_144_4,scratch,rectangle,31,73,210,169
WEP93812422A_01-APG_ITIS_H166_1_131_2,scratch,rectangle,25,86,227,184
WEP93815493A_36-APG_ITIS_H115_1_26_2,scratch,rectangle,28,73,244,207
WEP93816451A_54-APG_ITIS_H115_2_218_2,scratch,rectangle,164,73,196,161
WEP938166M4A_52-APG_ITIS_H51_2_80_1,scratch,rectangle,22,76,220,171
WEP93819410A_44-APG_ITIS_H57_1_68_3,scratch,rectangle,44,107,72,193
WEP93820913A_28-APG_ITIS_H57_1_193_3,scratch,rectangle,157,76,227,168
WEP93824813A_09-APG_ITIS_H112_2_665_3,scratch,rectangle,18,72,40,171
WEP93826614A_41-APG_ITIS_H13_1_124_3,scratch,rectangle,21,79,229,175
WEP93830284A_15-APG_ITIS_H44_1_294_2,scratch,rectangle,19,90,184,188
WEP93831192A_06-APG_ITIS_H46_2_134_4,scratch,rectangle,19,81,225,171
WEP93831313A_36-APG_ITIS_H46_1_325_2,scratch,rectangle,18,91,232,182
WEP93832813A_07-APG_ITIS_H75_2_563_3,scratch,rectangle,28,78,234,110
WEP93832911A_16-APG_ITIS_H56_2_163_4,scratch,rectangle,19,82,139,171
WEP93833214A_08-APG_ITIS_H46_2_1131_1,scratch,rectangle,74,91,108,124
WEP93833721A_03-APG_ITIS_H75_2_212_2,scratch,rectangle,22,86,123,173
WEP93834024A_01-APG_ITIS_H20_2_187_4,scratch,rectangle,31,127,84,201
WEP93834612A_03-APG_ITIS_H51_1_287_3,scratch,rectangle,48,153,64,169
WEP93834612A_03-APG_ITIS_H51_1_325_2,scratch,rectangle,27,156,54,185
WEP93834612A_03-APG_ITIS_H51_2_204_2,scratch,rectangle,171,117,201,173
WEP93834612A_03-APG_ITIS_H51_2_284_2,scratch,rectangle,142,125,200,185
WEP93834763A_07-APG_ITIS_H47_1_146_4,scratch,rectangle,24,91,90,190
WEP938360D4A_10-APG_ITIS_H72_2_8_4,scratch,rectangle,65,83,170,131
WEP938370K0A_01-APG_ITIS_H51_1_99_2,scratch,rectangle,29,124,82,180
WEP93840311A_01-APG_ITIS_H13_2_213_3,scratch,rectangle,184,145,210,192
WEP93842454A_53-APG_ITIS_H53_1_159_3,scratch,rectangle,26,69,237,172
WEP938425D5A_01-APG_ITIS_H52_2_397_2,scratch,rectangle,54,133,98,175
WEP938425M4A_12-APG_ITIS_H53_2_686_3,scratch,rectangle,89,105,166,175
WEP93842811A_13-APG_ITIS_H73_1_71_1,scratch,rectangle,25,90,210,189
WEP938433M3A_27-APG_ITIS_H09_1_318_3,scratch,rectangle,11,96,82,205
WEP938437M2A_21-APG_ITIS_H111_1_287_4,scratch,rectangle,55,111,175,169
WEP93849852A_46-APG_ITIS_H54_2_13_4,scratch,rectangle,90,105,156,156
WEP93852412A_01-APG_ITIS_H54_1_149_3,scratch,rectangle,165,95,223,193
WEP93853452A_14-APG_ITIS_H47_1_135_3,scratch,rectangle,87,148,117,195
WEP93853452A_14-APG_ITIS_H47_1_160_3,scratch,rectangle,57,166,74,190
WEP93853452A_14-APG_ITIS_H47_1_311_2,scratch,rectangle,67,140,90,170
WEP93853452A_16-APG_ITIS_H47_1_353_3,scratch,rectangle,76,160,97,185
WEP93853452A_16-APG_ITIS_H47_2_295_3,scratch,rectangle,63,166,89,199
WEP93854453A_06-APG_ITIS_H111_2_197_3,scratch,rectangle,120,139,166,178
WEP93856214A_21-APG_ITIS_H50_1_331_3,scratch,rectangle,18,86,229,180
WEP93856413A_31-APG_ITIS_H57_1_174_1,scratch,rectangle,200,83,231,175
WEP93856992A_06-APG_ITIS_H44_2_295_1,scratch,rectangle,117,98,242,159
WEP93902834A_10-APG_ITIS_H20_2_84_1,scratch,rectangle,27,93,234,159
WEP93902834A_11-APG_ITIS_H20_1_7_2,scratch,rectangle,16,76,232,179
WEP93902834A_12-APG_ITIS_H20_1_231_1,scratch,rectangle,24,92,235,181
WEP93903213A_58-APG_ITIS_H47_1_259_3,scratch,rectangle,25,86,80,173
WEP93903912A_04-APG_ITIS_H116_1_124_4,scratch,rectangle,31,95,83,189
WEP93903912A_11-APG_ITIS_H47_1_174_4,scratch,rectangle,41,79,89,171
WEP93903916A_01-APG_ITIS_H49_1_57_4,scratch,rectangle,17,88,81,181
WEP93904752A_18-APG_ITIS_H47_1_205_4,scratch,rectangle,45,87,76,180
WEP939051D2A_01-APG_ITIS_H13_1_260_4,scratch,rectangle,80,78,104,171
WEP93906012A_02-APG_ITIS_H53_1_323_2,scratch,rectangle,56,83,119,134
WEP93906111A_52-APG_ITIS_H166_1_317_1,scratch,rectangle,136,117,221,185
WEP93906754A_53-APG_ITIS_H54_2_171_3,scratch,rectangle,91,118,221,181
WEP93906914A_42-APG_ITIS_H43_1_9_4,scratch,rectangle,43,130,111,189
WEP939084D2A_08-APG_ITIS_H50_2_742_1,scratch,rectangle,61,131,86,175
WEP93909692A_41-APG_ITIS_H51_1_278_2,scratch,rectangle,134,117,195,187
WEP93912013B_27-APG_ITIS_H54_1_173_2,scratch,rectangle,95,110,158,163
WEP93912013B_28-APG_ITIS_H52_2_161_3,scratch,rectangle,32,100,241,196
WEP93912013B_48-APG_ITIS_H54_1_339_4,scratch,rectangle,99,99,155,162
WEP93912052A_10-APG_ITIS_H115_1_423_3,scratch,rectangle,32,119,98,185
WEP93912291A_06-APG_ITIS_H54_2_337_2,scratch,rectangle,199,146,244,188
WEP939126D3A_21-APG_ITIS_H50_1_59_1,scratch,rectangle,34,73,238,173
WEP93920894A_02-APG_ITIS_H52_1_895_3,scratch,rectangle,81,97,154,154
WEP93921011A_27-APG_ITIS_H50_2_327_1,scratch,rectangle,31,83,229,184
WEP939210B1A_56-APG_ITIS_H166_1_164_4,scratch,rectangle,23,87,230,180
WEP939210B1A_56-APG_ITIS_H166_1_165_2,scratch,rectangle,22,89,227,181
WEP939217M1A_02-APG_ITIS_H53_1_541_1,scratch,rectangle,177,91,232,136
WEP93922621A_08-APG_ITIS_H13_1_108_4,scratch,rectangle,108,149,261,188
WEP93925771A_01-APG_ITIS_H49_1_255_4,scratch,rectangle,175,83,225,176
WEP93926052A_36-APG_ITIS_H47_1_27_3,scratch,rectangle,136,151,228,180
WEP939262M4A_06-APG_ITIS_H09_2_57_1,scratch,rectangle,30,78,236,178
WEP939295D4A_21-APG_ITIS_H51_1_98_1,scratch,rectangle,115,92,201,188
WEP93930564A_11-APG_ITIS_H115_2_733_2,scratch,rectangle,49,148,219,185
WEP93930851A_08-APG_ITIS_H115_2_586_1,scratch,rectangle,26,88,137,188
WEP93932252A_02-APG_ITIS_H46_2_126_3,scratch,rectangle,121,80,231,176
WEP93932654A_57-APG_ITIS_H112_2_311_1,scratch,rectangle,98,95,145,126
WEP939337D4A_01-APG_ITIS_H51_1_932_2,scratch,rectangle,23,85,170,173
WEP939419D1A_31-APG_ITIS_H50_2_362_3,scratch,rectangle,181,86,227,115
WEP939430D2A_46-APG_ITIS_H73_2_285_2,scratch,rectangle,24,84,232,177
WEP93944653A_36-APG_ITIS_H51_1_105_4,scratch,rectangle,83,99,139,134
WEP93944653A_36-APG_ITIS_H51_2_136_2,scratch,rectangle,26,81,63,115
WEP93945111A_21-APG_ITIS_H166_2_105_2,scratch,rectangle,58,78,144,139
WEP93953314A_36-APG_ITIS_H50_2_154_2,scratch,rectangle,21,82,221,142
WEP93954454A_46-APG_ITIS_H46_1_209_2,scratch,rectangle,149,104,241,178
WEP939559B2A_24-APG_ITIS_H56_1_85_4,scratch,rectangle,26,98,127,196
WEP94000423A_01-APG_ITIS_H56_1_36_3,scratch,rectangle,27,91,238,187
